,Metabolite,Formula,Polarity (z),mz,ppm,RT,RT_range,Detection,1 20AF,2 20AF,4 40AM,5 40AM,6 40AM,7 2e6 Mf,8 2e6 Mf,9 2e6 Mf,10 200 L3,11 200 L3,12 200 L3,AF_vs_AM_ttest_pval,AF_vs_AM_Log2FoldChange,AF_vs_AM_impact_score,AF_vs_L3_ttest_pval,AF_vs_L3_Log2FoldChange,AF_vs_L3_impact_score,AF_vs_Mf_ttest_pval,AF_vs_Mf_Log2FoldChange,AF_vs_Mf_impact_score,AM_vs_AF_ttest_pval,AM_vs_AF_Log2FoldChange,AM_vs_AF_impact_score,AM_vs_L3_ttest_pval,AM_vs_L3_Log2FoldChange,AM_vs_L3_impact_score,AM_vs_Mf_ttest_pval,AM_vs_Mf_Log2FoldChange,AM_vs_Mf_impact_score,L3_vs_AF_ttest_pval,L3_vs_AF_Log2FoldChange,L3_vs_AF_impact_score,L3_vs_AM_ttest_pval,L3_vs_AM_Log2FoldChange,L3_vs_AM_impact_score,L3_vs_Mf_ttest_pval,L3_vs_Mf_Log2FoldChange,L3_vs_Mf_impact_score,Mf_vs_AF_ttest_pval,Mf_vs_AF_Log2FoldChange,Mf_vs_AF_impact_score,Mf_vs_AM_ttest_pval,Mf_vs_AM_Log2FoldChange,Mf_vs_AM_impact_score,Mf_vs_L3_ttest_pval,Mf_vs_L3_Log2FoldChange,Mf_vs_L3_impact_score
0,Beta-Alanine,C3H7NO2,+,90.055,2.7,10.48,0.27,5,696313,1026788,1169204,1582920,1303742,-,-,-,-,-,-,0.09128835047557672,-0.6500402198556408,19.0,0.008706623784938746,3.024457573559033,452.0,0.008706623784938746,3.024457573559033,452.0,0.09128835047557672,0.6500402198556406,19.0,0.0005151419844937078,3.6744977934146736,18067.0,0.0005151419844937078,3.6744977934146736,18067.0,0.008706623784938746,-3.024457573559033,452.0,0.0005151419844937078,-3.6744977934146736,18067.0,NA,0.0,0.0,0.008706623784938746,-3.024457573559033,452.0,0.0005151419844937078,-3.6744977934146736,18067.0,NA,0.0,0.0
1,L-Alanine,C3H7NO2,+,90.055,1.6,11.2,0.09,11,60964112,55875068,78869640,85609560,81429664,35133704,21054246,30135908,3007352,2726451,2915061,0.005031865628568928,-0.4886371001522282,19574.0,8.78769809518271e-05,4.340832176780161,7067960.0,0.01346785956276525,1.021655390380655,6572.0,0.005031865628568928,0.4886371001522283,19574.0,2.2819683843992985e-06,4.829469276932389,528616273.0,0.00031008096233491847,1.5102924905328825,508697.0,8.78769809518271e-05,-4.340832176780161,7067960.0,2.2819683843992985e-06,-4.829469276932389,528616273.0,0.0032797054844848146,-3.3191767863995065,48171.0,0.01346785956276525,-1.0216553903806544,6572.0,0.00031008096233491847,-1.5102924905328827,508697.0,0.0032797054844848146,3.3191767863995065,48171.0
2,Sarcosine,C3H7NO2,+,90.055,1.6,11.24,0.06,11,56817720,54949776,88900512,88261016,103269304,28392202,16527613,25325246,2727930,2296320,2890966,0.00968672635135529,-0.7421817871329897,12896.0,5.746046619284234e-06,4.404690657073188,107861180.0,0.006002792940574014,1.2549944915165498,15764.0,0.00968672635135529,0.7421817871329898,12896.0,4.9944119816556594e-05,5.14687244420618,34091129.0,0.0003184548800181425,1.99717627864954,732684.0,5.746046619284234e-06,-4.404690657073188,107861180.0,4.9944119816556594e-05,-5.146872444206179,34091129.0,0.004296785115959701,-3.1496961655566387,26906.0,0.006002792940574014,-1.25499449151655,15764.0,0.0003184548800181425,-1.99717627864954,732684.0,0.004296785115959701,3.14969616555664,26906.0
3,Betaine,C5H11NO2,+,118.0863,-2.2,8.08,0.14,11,1931648128,2092388992,2066617344,2196990720,2182682112,414744768,270328960,300571168,30906256,31890692,37854640,0.18664560845216274,-0.09486301777363038,11904.0,6.121435598483616e-05,5.906164274926742,1001990210.0,0.00025760791010023923,2.6144662369447613,27820480.0,0.18664560845216274,0.09486301777363043,11904.0,8.729624030890289e-07,6.001027292700372,80053607493.0,7.180401244334929e-06,2.709329254718392,1128213564.0,6.121435598483616e-05,-5.906164274926742,1001990210.0,8.729624030890289e-07,-6.001027292700372,80053607493.0,0.0025814812633940675,-3.291698037981982,686796.0,0.00025760791010023923,-2.6144662369447613,27820480.0,7.180401244334929e-06,-2.709329254718392,1128213564.0,0.0025814812633940675,3.291698037981982,686796.0
4,L-Valine,C5H11NO2,+,118.0863,-2.2,8.33,0.27,11,103342952,114289240,172540320,201258816,266098480,7823512,5746272,4791920,429888,667375,446331,0.06220105637184176,-0.970986615986012,5076.0,0.00011736420366031975,7.724417324099255,98504825.0,0.00015424874740509664,4.152082620686748,6623818.0,0.06220105637184176,0.970986615986012,5076.0,0.0015382902532815662,8.695403940085267,28810098.0,0.0017051119620125773,5.1230692366727615,2242283.0,0.00011736420366031975,-7.724417324099255,98504825.0,0.0015382902532815662,-8.695403940085267,28810098.0,0.0033583633782421373,-3.5723347034125053,11751.0,0.00015424874740509664,-4.152082620686748,6623818.0,0.0017051119620125773,-5.1230692366727615,2242283.0,0.0033583633782421373,3.5723347034125053,11751.0
5,N-Acetyl-L-alanine,C5H9NO3,+,132.0655,-2.4,6.55,0.41,6,528776,681112,508163,661236,633299,78235,-,-,-,-,-,0.9642634126488075,0.00967827621472843,1.0,0.0026480980914756307,2.9536842567397232,999.0,0.0026488368111562623,2.952760754569609,998.0,0.9642634126488075,-0.00967827621472857,1.0,0.00037361219776061393,2.9440059805249943,6993.0,0.00037375223052688066,2.943082478354881,6986.0,0.0026480980914756307,-2.9536842567397232,999.0,0.00037361219776061393,-2.9440059805249943,6993.0,0.373900966300059,-0.0009235021701139355,0.0,0.0026488368111562623,-2.952760754569609,998.0,0.00037375223052688066,-2.943082478354881,6986.0,0.373900966300059,0.0009235021701139543,0.0
6,4-Hydroxyproline,C5H9NO3,+,132.0655,-3.2,10.87,0.29,9,464184416,495949504,52545432,55990288,54523484,13866190,12253689,11612597,-,24534990,-,4.813037310980596e-05,3.142802271080205,49035573.0,7.356367325999948e-05,5.602978419103147,161851907.0,3.601408494669735e-05,5.2543194706554255,261059188.0,4.813037310980596e-05,-3.142802271080205,49035573.0,0.003851665825675572,2.460176148022941,45883.0,4.09423232248485e-06,2.1115171995752195,35322546.0,7.356367325999948e-05,-5.602978419103147,161851907.0,0.003851665825675572,-2.4601761480229407,45883.0,0.732276159982427,-0.3486589484477212,20.0,3.601408494669735e-05,-5.254319470655425,261059188.0,4.09423232248485e-06,-2.1115171995752195,35322546.0,0.732276159982427,0.34865894844772105,20.0
7,L-Isoleucine,C6H13NO2,+,132.1019,-3.1,7.44,0.11,11,169975680,221655696,45790916,120368480,42866504,51815780,28892486,29708696,2158339,11887559,1544930,0.0450283148736531,1.4907771385036406,8285.0,0.00235761042715311,5.235689399427861,1606279.0,0.005155060569393359,2.4114970408346754,120038.0,0.0450283148736531,-1.4907771385036406,8285.0,0.06531765305174381,3.744912260924221,7684.0,0.2818301397534323,0.9207199023310346,358.0,0.00235761042715311,-5.235689399427861,1606279.0,0.06531765305174381,-3.744912260924221,7684.0,0.01839136564867588,-2.8241923585931863,8087.0,0.005155060569393359,-2.4114970408346754,120038.0,0.2818301397534323,-0.9207199023310348,358.0,0.01839136564867588,2.8241923585931863,8087.0
8,L-Leucine,C6H13NO2,+,132.1019,-3.1,7.52,0.18,11,289896544,319052576,156028464,219933424,143542336,79731480,41944112,49912520,3657121,19169060,3686875,0.027105131950402143,0.8141487117824053,15492.0,0.00017568505403702526,5.1065093156110795,30720270.0,0.0008905069077229312,2.412334588036891,1081013.0,0.027105131950402143,-0.8141487117824053,15492.0,0.0024621199704853245,4.292360603828674,724228.0,0.011613122147236908,1.5981858762544858,30029.0,0.00017568505403702526,-5.1065093156110795,30720270.0,0.0024621199704853245,-4.292360603828674,724228.0,0.018525559097203485,-2.6941747275741874,11534.0,0.0008905069077229312,-2.412334588036891,1081013.0,0.011613122147236908,-1.5981858762544858,30029.0,0.018525559097203485,2.6941747275741874,11534.0
9,Dihydroxyacetone phosphate,C3H7O6P,-,168.9907,-6.8,12.6,0.19,3,129334,57122,-,-,70251,-,-,-,-,-,-,0.1896636647252005,1.631782900749406,1.0,0.053603786094006484,3.220763317480116,9.0,0.053603786094006484,3.220763317480116,9.0,0.1896636647252005,-1.631782900749406,1.0,0.3739009663000589,1.5889804167307098,0.0,0.3739009663000589,1.5889804167307098,0.0,0.053603786094006484,-3.2207633174801167,9.0,0.3739009663000589,-1.5889804167307098,0.0,NA,0.0,0.0,0.053603786094006484,-3.2207633174801167,9.0,0.3739009663000589,-1.5889804167307098,0.0,NA,0.0,0.0
10,D-Glyceraldehyde 3-phosphate,C3H7O6P,-,168.9907,-5.6,13.43,0.4,2,28050,-,-,-,25365,-,-,-,-,-,-,0.6934672046697463,0.2740606894206697,0.0,0.272228401224416,0.7044695141509079,0.0,0.272228401224416,0.7044695141509079,0.0,0.6934672046697463,-0.2740606894206696,0.0,0.3739009663000589,0.4304088247302384,0.0,0.3739009663000589,0.4304088247302384,0.0,0.272228401224416,-0.704469514150908,0.0,0.3739009663000589,-0.4304088247302382,0.0,NA,0.0,0.0,0.272228401224416,-0.704469514150908,0.0,0.3739009663000589,-0.4304088247302382,0.0,NA,0.0,0.0
11,Ribose 1-phosphate,C5H11O8P,-,229.0119,-5.1,12.26,0.22,7,85573,74718,67128,49177,72745,40125,-,70304,-,-,-,0.18614257859523425,0.346888074892959,0.0,0.0008745728090093105,1.6554944931853215,190.0,0.1407888481186896,0.8234342881068181,1.0,0.18614257859523425,-0.34688807489295914,0.0,0.006140935694911309,1.3086064182923622,18.0,0.3026635354688577,0.4765462132138587,0.0,0.0008745728090093105,-1.6554944931853215,190.0,0.006140935694911309,-1.3086064182923625,18.0,0.20724892745477308,-0.8320602050785035,0.0,0.1407888481186896,-0.8234342881068181,1.0,0.3026635354688577,-0.4765462132138588,0.0,0.20724892745477308,0.8320602050785038,0.0
12,D-Ribose 5-phosphate,C5H11O8P,-,229.0119,-6.5,12.93,0.28,8,304212,151846,238486,97325,113876,56857,48623,174213,-,-,-,0.4049978036077351,0.6052586363835988,1.0,0.04615738787158883,2.463554673054424,16.0,0.17930258746768504,1.2903356668259889,2.0,0.4049978036077351,-0.6052586363835988,1.0,0.07147259331973972,1.8582960366708252,5.0,0.40021476209534695,0.6850770304423899,0.0,0.04615738787158883,-2.463554673054424,16.0,0.07147259331973972,-1.8582960366708252,5.0,0.26995943341416834,-1.1732190062284351,1.0,0.17930258746768504,-1.2903356668259889,2.0,0.40021476209534695,-0.6850770304423899,0.0,0.26995943341416834,1.1732190062284356,1.0
13,Fructose 6-phosphate,C6H13O9P,-,259.0224,-4.8,13.34,0.27,5,4830007,2683048,2741820,1942910,2489449,-,-,-,-,-,-,0.2090517700932614,0.6515484225677011,23.0,0.022045710623112637,3.8926494860271985,1351.0,0.022045710623112637,3.8926494860271985,1351.0,0.2090517700932614,-0.6515484225677008,23.0,0.0008191370143378892,3.241101063459497,15261.0,0.0008191370143378892,3.241101063459497,15261.0,0.022045710623112637,-3.8926494860271985,1351.0,0.0008191370143378892,-3.241101063459497,15261.0,NA,0.0,0.0,0.022045710623112637,-3.8926494860271985,1351.0,0.0008191370143378892,-3.241101063459497,15261.0,NA,0.0,0.0
14,Glucose 6-phosphate,C6H13O9P,-,259.0224,-4.8,13.99,0.09,7,13248660,6775914,8517686,5067621,5726525,-,-,674002,-,673201,-,0.2875528048863375,0.6372490212082427,44.0,0.030395613820449908,3.920381016759632,2658.0,0.030397904129907907,3.919798622442345,2657.0,0.2875528048863375,-0.6372490212082424,44.0,0.0054626500913463475,3.2831319955513902,6325.0,0.005463588873737732,3.2825496012341024,6322.0,0.030395613820449908,-3.920381016759632,2658.0,0.0054626500913463475,-3.2831319955513902,6325.0,0.9767872376776074,-0.0005823943172874714,1.0,0.030397904129907907,-3.919798622442345,2657.0,0.005463588873737732,-3.2825496012341024,6322.0,0.9767872376776074,0.0005823943172874428,1.0
15,N-Acetylserine,C5H9NO4,-,146.0459,-10.1,8.12,0.44,5,8688550,8734337,5504656,7628354,5612078,-,-,-,-,-,-,0.07004751226929642,0.4794336028569241,149.0,2.1507909871519314e-08,3.587260915943343,2636598384.0,2.1507909871519314e-08,3.587260915943343,2636598384.0,0.07004751226929642,-0.4794336028569239,149.0,0.001325695949341715,3.10782731308642,22673.0,0.001325695949341715,3.10782731308642,22673.0,2.1507909871519314e-08,-3.5872609159433435,2636598384.0,0.001325695949341715,-3.10782731308642,22673.0,NA,0.0,0.0,2.1507909871519314e-08,-3.5872609159433435,2636598384.0,0.001325695949341715,-3.10782731308642,22673.0,NA,0.0,0.0
16,L-Glutamic acid,C5H9NO4,+,148.0604,-4.3,11.75,0.19,9,479019424,461691136,261841120,163616352,214938096,81916328,52491776,68959992,-,16219775,-,0.006215279182614026,1.1397500768074014,121213.0,1.1910867791552965e-05,5.767400664256063,1095251744.0,6.978739854790036e-05,2.794620030511016,26752013.0,0.006215279182614026,-1.1397500768074014,121213.0,0.002016374619461125,4.627650587448661,1361474.0,0.00793508138125796,1.6548699537036151,55806.0,1.1910867791552965e-05,-5.767400664256063,1095251744.0,0.002016374619461125,-4.627650587448661,1361474.0,0.003157381039573531,-2.9727806337450464,95010.0,6.978739854790036e-05,-2.794620030511016,26752013.0,0.00793508138125796,-1.6548699537036151,55806.0,0.003157381039573531,2.9727806337450464,95010.0
17,Creatine,C4H9N3O2,+,132.0768,-3.4,11.08,0.19,8,743608,781542,1926504,2212593,4148484,18114258,13900636,8060609,-,-,-,0.11309347251007115,-1.8570374248566517,56.0,2.029535086674371e-05,3.1100834927407743,180999.0,0.04415009134141305,-4.130735082242819,2801.0,0.11309347251007115,1.8570374248566517,56.0,0.01858801685637848,4.967120917597426,2399.0,0.02411665582124211,-2.273697657386168,1616.0,2.029535086674371e-05,-3.1100834927407743,180999.0,0.01858801685637848,-4.967120917597425,2399.0,0.010397206083943287,-7.240818574983593,97808.0,0.04415009134141305,4.130735082242819,2801.0,0.02411665582124211,2.273697657386168,1616.0,0.010397206083943287,7.240818574983593,97808.0
18,L-Lysine,C6H14N2O2,+,147.1128,-0.7,17.03,0.28,0,-,-,-,-,-,-,-,-,-,-,-,NA,0.0,0.0,NA,0.0,0.0,NA,0.0,0.0,NA,0.0,0.0,NA,0.0,0.0,NA,0.0,0.0,NA,0.0,0.0,NA,0.0,0.0,NA,0.0,0.0,NA,0.0,0.0,NA,0.0,0.0,NA,0.0,0.0
19,L-Arginine,C6H14N4O2,+,175.11900000000003,-3.7,19.99,0.04,9,30166794,18268288,14202198,16213973,24156268,3858526,2527338,5743043,-,4412838,-,0.3836534957998906,0.4128423614994175,74.0,0.01834612727174832,3.020761146528619,6017.0,0.02188802880587621,2.582565337430683,3867.0,0.3836534957998906,-0.4128423614994175,74.0,0.008210775858287453,2.6079187850292014,7861.0,0.011239607540313256,2.1697229759312657,4450.0,0.01834612727174832,-3.020761146528619,6017.0,0.008210775858287453,-2.6079187850292014,7861.0,0.4183981517383889,-0.4381958090979355,11.0,0.02188802880587621,-2.582565337430683,3867.0,0.011239607540313256,-2.1697229759312657,4450.0,0.4183981517383889,0.4381958090979357,11.0
20,L-Kynurenine,C10H12N2O3,+,209.0921,-3.2,7.55,0.21,8,103148,104928,143201,186855,215440,94275,51604,51714,-,-,-,0.06415363670521376,-0.8054955462485904,4.0,8.521076037422073e-07,3.004305187514438,550887.0,0.12897912705784886,0.6595412329799686,1.0,0.06415363670521376,0.8054955462485907,4.0,0.00129926333274842,3.8098007337630286,1051.0,0.010234302433566106,1.4650367792285592,33.0,8.521076037422073e-07,-3.004305187514438,550887.0,0.00129926333274842,-3.8098007337630286,1051.0,0.020406323717573182,-2.3447639545344696,10.0,0.12897912705784886,-0.6595412329799685,1.0,0.010234302433566106,-1.4650367792285592,33.0,0.020406323717573182,2.3447639545344696,10.0
21,Inosine,C10H12N4O5,+,269.08799999999997,-4.6,7.76,0.29,11,126335112,99624216,213819952,177716672,172782608,30503170,21270268,26774178,2362225,1570825,2329288,0.030645043794190464,-0.7354859015107107,8179.0,0.0015527250301146473,5.758180427922858,2005449.0,0.003748157651597044,2.1093862219224366,80105.0,0.030645043794190464,0.7354859015107105,8179.0,0.00013599239226142862,6.493666329433568,63014461.0,0.0002544205020797062,2.8448721234331478,3025586.0,0.0015527250301146473,-5.758180427922858,2005449.0,0.00013599239226142862,-6.493666329433568,63014461.0,0.0008644462904551242,-3.64879420600042,205095.0,0.003748157651597044,-2.1093862219224366,80105.0,0.0002544205020797062,-2.8448721234331478,3025586.0,0.0008644462904551242,3.64879420600042,205095.0
22,Xanthosine,C10H12N4O6,-,283.0684,-6.7,7.85,0.36,6,43191,78825,111064,40777,115606,-,-,29171,-,-,-,0.468226254896097,-0.5472201788005552,0.0,0.05069373857334737,1.6842904278477948,3.0,0.07002478455301081,1.4468528648879908,2.0,0.468226254896097,0.5472201788005552,0.0,0.044257722163009,2.2315106066483503,6.0,0.052446287427037504,1.9940730436885457,4.0,0.05069373857334737,-1.6842904278477948,3.0,0.044257722163009,-2.2315106066483503,6.0,0.373900966300059,-0.2374375629598043,0.0,0.07002478455301081,-1.4468528648879908,2.0,0.052446287427037504,-1.9940730436885459,4.0,0.373900966300059,0.2374375629598043,0.0
23,Cyclic AMP,C10H12N5O6P,-,328.0452,-8.1,7.12,0.22,4,-,42751,68634,-,106675,30340,-,-,-,-,-,0.4235480499987877,-1.2277001021347833,0.0,0.27222840122441616,1.3991984432296092,0.0,0.5683451795874163,0.6524557274518727,0.0,0.4235480499987877,1.2277001021347833,0.0,0.1394103852283581,2.6268985453643925,2.0,0.1948163911013616,1.8801558295866565,1.0,0.27222840122441616,-1.3991984432296092,0.0,0.1394103852283581,-2.6268985453643925,2.0,0.373900966300059,-0.7467427157777362,0.0,0.5683451795874163,-0.6524557274518729,0.0,0.1948163911013616,-1.880155829586656,1.0,0.373900966300059,0.7467427157777362,0.0
24,Orotidylic acid,C10H13N2O11P,+,369.033,6.0,6.93,0.06,0,-,-,-,-,-,-,-,-,-,-,-,NA,0.0,0.0,NA,0.0,0.0,NA,0.0,0.0,NA,0.0,0.0,NA,0.0,0.0,NA,0.0,0.0,NA,0.0,0.0,NA,0.0,0.0,NA,0.0,0.0,NA,0.0,0.0,NA,0.0,0.0,NA,0.0,0.0
25,Inosinic acid,C10H13N4O8P,+,349.0544,-4.5,12.69,0.27,6,631156,625548,352280,380431,469315,-,-,-,-,47614,-,0.015433685961551568,0.6491392806695178,52.0,2.2739057671349301e-07,3.8074819728837657,20726573.0,1.0063788555796577e-07,3.8521374761430343,48205637.0,0.015433685961551568,-0.6491392806695179,52.0,0.0005448087607250247,3.1583426922142483,3651.0,0.0005352095143845071,3.2029981954735174,3821.0,2.2739057671349301e-07,-3.8074819728837657,20726573.0,0.0005448087607250247,-3.1583426922142483,3651.0,0.37390096630005787,0.044655503259269085,0.0,1.0063788555796577e-07,-3.8521374761430343,48205637.0,0.0005352095143845071,-3.2029981954735174,3821.0,0.37390096630005787,-0.04465550325926899,0.0
26,Xanthylic acid,C10H13N4O9P,-,363.0347,0.0,0.0,0.0,0,-,-,-,-,-,-,-,-,-,-,-,NA,0.0,0.0,NA,0.0,0.0,NA,0.0,0.0,NA,0.0,0.0,NA,0.0,0.0,NA,0.0,0.0,NA,0.0,0.0,NA,0.0,0.0,NA,0.0,0.0,NA,0.0,0.0,NA,0.0,0.0,NA,0.0,0.0
27,Adenosine,C10H13N5O4,+,268.10400000000004,-4.2,6.0,0.21,11,43596504,51261184,424257472,381495360,305136096,57123724,37485320,35667888,1253496,1608113,1026156,0.005602514602837403,-2.9648435598965635,291061.0,0.0005208695006809187,5.193714284761111,1711806.0,0.6964200549215493,0.12721746134381012,71.0,0.005602514602837403,2.9648435598965626,291061.0,0.00044979181857121564,8.158557844657674,118030898.0,0.0007738865582303707,3.0920610212403736,2279315.0,0.0005208695006809187,-5.193714284761111,1711806.0,0.00044979181857121564,-8.158557844657674,118030898.0,0.0035857706460294125,-5.0664968234173,208964.0,0.6964200549215493,-0.1272174613438102,71.0,0.0007738865582303707,-3.0920610212403736,2279315.0,0.0035857706460294125,5.0664968234173,208964.0
28,Guanosine,C10H13N5O5,+,284.0989,-4.4,9.12,0.17,11,4625437,2152486,5274090,3395594,2522384,6146974,4648144,6278244,90964,86836,98048,0.8223623811063672,-0.13859897993135414,5.0,0.037355407440556716,5.203860322476579,1717.0,0.13728574152923334,-0.747869521404525,56.0,0.8223623811063672,0.13859897993135428,5.0,0.010971915000162272,5.342459302407933,7068.0,0.11218697266136514,-0.6092705414731711,64.0,0.037355407440556716,-5.2038603224765785,1717.0,0.010971915000162272,-5.342459302407933,7068.0,0.00043093023309811497,-5.951729843881104,415308.0,0.13728574152923334,0.747869521404525,56.0,0.11218697266136514,0.6092705414731711,64.0,0.00043093023309811497,5.951729843881104,415308.0
29,Thymidine,C10H14N2O5,+,243.0975,-9.2,9.77,0.33,8,169403,191754,19111,16831,14836,58703,38979,28528,-,-,-,0.00030398495947411234,3.415313156315235,3466.0,0.00027401431071868884,3.673803154539412,4535.0,0.002259308973359064,2.101762409965811,211.0,0.00030398495947411234,-3.4153131563152352,3466.0,0.0878222273331312,0.2584899982241773,0.0,0.048078758159147625,-1.3135507463494245,2.0,0.00027401431071868884,-3.673803154539412,4535.0,0.0878222273331312,-0.2584899982241772,0.0,0.0343157657483003,-1.5720407445736015,2.0,0.002259308973359064,-2.101762409965811,211.0,0.048078758159147625,1.3135507463494245,2.0,0.0343157657483003,1.5720407445736015,2.0
30,Adenosine monophosphate,C10H14N5O7P,+,348.0704,-4.5,10.01,0.31,9,537441,673482,1321890,456067,843682,6072554,5649910,19264552,-,-,112891,0.4721449630548759,-0.5293994091762415,2.0,0.0029946745750507285,3.353018308824627,1134.0,0.19055314321324054,-4.092522296496819,489.0,0.4721449630548759,0.5293994091762415,2.0,0.031829505776943635,3.882417718000868,216.0,0.10223727893749042,-3.5631228873205782,648.0,0.0029946745750507285,-3.353018308824627,1134.0,0.031829505776943635,-3.882417718000868,216.0,0.08314641117795675,-7.4455406053214475,10889.0,0.19055314321324054,4.092522296496819,489.0,0.10223727893749042,3.5631228873205782,648.0,0.08314641117795675,7.4455406053214475,10889.0
31,Guanosine monophosphate,C10H14N5O8P,+,364.0653,-4.3,12.91,0.2,4,-,-,-,-,-,381506,140563,1709348,-,-,29292,NA,0.0,0.0,0.495025346059711,-0.20920807672234232,0.0,0.33366451742304915,-5.220356618337479,43.0,NA,0.0,0.0,0.373900966300059,-0.20920807672234232,0.0,0.211957556379679,-5.220356618337479,67.0,0.495025346059711,0.20920807672234246,0.0,0.373900966300059,0.20920807672234246,0.0,0.21357030677407748,-5.011148541615137,58.0,0.33366451742304915,5.220356618337479,43.0,0.211957556379679,5.220356618337479,67.0,0.21357030677407748,5.011148541615137,58.0
32,ADP,C10H15N5O10P2,-,426.0221,-7.8,12.35,0.25,2,-,-,-,303125,406472,-,-,-,-,-,-,0.33823852301012264,-0.3214947125221649,1.0,NA,0.0,0.0,NA,0.0,0.0,0.33823852301012264,0.3214947125221649,1.0,0.21614586594657112,0.3214947125221649,2.0,0.21614586594657112,0.3214947125221649,2.0,NA,0.0,0.0,0.21614586594657112,-0.3214947125221649,2.0,NA,0.0,0.0,NA,0.0,0.0,0.21614586594657112,-0.3214947125221649,2.0,NA,0.0,0.0
33,Guanosine diphosphate,C10H15N5O11P2,-,442.0171,-8.7,15.13,0.27,3,-,-,11014,10094,30601,-,-,-,-,-,-,0.4634670419346709,-0.7854529041003209,0.0,NA,0.0,0.0,NA,0.0,0.0,0.4634670419346709,0.7854529041003209,0.0,0.3401025315318378,0.7854529041003209,0.0,0.3401025315318378,0.7854529041003209,0.0,NA,0.0,0.0,0.3401025315318378,-0.7854529041003209,0.0,NA,0.0,0.0,NA,0.0,0.0,0.3401025315318378,-0.7854529041003209,0.0,NA,0.0,0.0
34,dTDP,C10H16N2O11P2,-,401.0157,-10.1,11.88,0.0,1,-,-,-,-,11476,-,-,-,-,-,-,0.495025346059711,-0.0692897127155349,0.0,NA,0.0,0.0,NA,0.0,0.0,0.495025346059711,0.0692897127155347,0.0,0.373900966300059,0.0692897127155347,0.0,0.373900966300059,0.0692897127155347,0.0,NA,0.0,0.0,0.373900966300059,-0.0692897127155349,0.0,NA,0.0,0.0,NA,0.0,0.0,0.373900966300059,-0.0692897127155349,0.0,NA,0.0,0.0
35,Adenosine triphosphate,C10H16N5O13P3,-,505.9885,-7.6,13.75,0.24,6,56492,57584,65643,116205,325539,-,-,35559,-,-,-,0.35491799798250145,-1.5681287545613234,1.0,8.590498167054162e-06,0.8712561983352384,9393.0,0.001063405441711977,0.8052676048754095,74.0,0.35491799798250145,1.5681287545613234,1.0,0.1579445666269738,2.439384952896562,3.0,0.1614255600276773,2.3733963594367333,3.0,8.590498167054162e-06,-0.8712561983352383,9393.0,0.1579445666269738,-2.439384952896562,3.0,0.3739009663000593,-0.06598859345982895,0.0,0.001063405441711977,-0.8052676048754095,74.0,0.1614255600276773,-2.3733963594367333,3.0,0.3739009663000593,0.0659885934598288,0.0
36,Guanosine triphosphate,C10H16N5O14P3,-,521.9834,-6.1,16.8,0.21,1,-,-,-,-,10903,-,-,-,-,-,-,0.495025346059711,-0.04278439808923956,0.0,NA,0.0,0.0,NA,0.0,0.0,0.495025346059711,0.04278439808923951,0.0,0.373900966300059,0.04278439808923951,0.0,0.373900966300059,0.04278439808923951,0.0,NA,0.0,0.0,0.373900966300059,-0.04278439808923956,0.0,NA,0.0,0.0,NA,0.0,0.0,0.373900966300059,-0.04278439808923956,0.0,NA,0.0,0.0
37,Glutathione,C10H17N3O6S,+,308.0911,9.5,10.15,0.11,0,-,-,-,-,-,-,-,-,-,-,-,NA,0.0,0.0,NA,0.0,0.0,NA,0.0,0.0,NA,0.0,0.0,NA,0.0,0.0,NA,0.0,0.0,NA,0.0,0.0,NA,0.0,0.0,NA,0.0,0.0,NA,0.0,0.0,NA,0.0,0.0,NA,0.0,0.0
38,Argininosuccinic acid,C10H18N4O6,-,289.1154,-3.7,13.08,0.0,1,-,10239,-,-,-,-,-,-,-,-,-,0.27222840122441616,0.017138008872056815,0.0,0.27222840122441616,0.017138008872056815,0.0,0.27222840122441616,0.017138008872056815,0.0,0.27222840122441616,-0.017138008872056926,0.0,NA,0.0,0.0,NA,0.0,0.0,0.27222840122441616,-0.017138008872056926,0.0,NA,0.0,0.0,NA,0.0,0.0,0.27222840122441616,-0.017138008872056926,0.0,NA,0.0,0.0,NA,0.0,0.0
39,Propionylcarnitine,C10H19NO4,+,218.1387,-3.6,6.75,0.45,5,52028,51859,112531,145947,210680,-,-,-,-,-,-,0.06739964961324622,-1.5900962328645345,5.0,5.986088906743958e-06,0.13115856772703305,9090.0,5.986088906743958e-06,0.13115856772703305,9090.0,0.06739964961324622,1.5900962328645345,5.0,0.0194038241762443,1.721254800591567,17.0,0.0194038241762443,1.721254800591567,17.0,5.986088906743958e-06,-0.1311585677270332,9090.0,0.0194038241762443,-1.721254800591567,17.0,NA,0.0,0.0,5.986088906743958e-06,-0.1311585677270332,9090.0,0.0194038241762443,-1.721254800591567,17.0,NA,0.0,0.0
40,L-Tryptophan,C11H12N2O2,+,205.0972,-4.7,8.3,0.23,11,27573224,30602092,16795084,20367594,31884198,4198829,1019378,1118537,111815,289168,68656,0.3850216186414703,0.3377935011222116,86.0,0.00013143052324787524,7.537673614225112,20671854.0,0.0006009349831821942,3.7835560049293857,357487.0,0.3850216186414703,-0.3377935011222117,86.0,0.007382664439580171,7.199880113102901,230730.0,0.011028805654103132,3.445762503807174,12413.0,0.00013143052324787524,-7.537673614225112,20671854.0,0.007382664439580171,-7.199880113102901,230730.0,0.13484002746233587,-3.754117609295727,114.0,0.0006009349831821942,-3.7835560049293857,357487.0,0.011028805654103132,-3.445762503807174,12413.0,0.13484002746233587,3.754117609295727,114.0
41,N-Acetyl-L-phenylalanine,C11H13NO3,+,208.0968,-3.9,3.5,0.18,11,545184,520313,892552,1032980,1907033,263771,542718,291109,572424,455619,595263,0.16675846014432072,-1.2618212282721897,13.0,0.8920208805279687,-0.022445947783452092,1.0,0.24259516110600654,0.5421392740099409,3.0,0.16675846014432072,1.2618212282721897,13.0,0.08300858928942352,1.2393752804887377,26.0,0.05051398362939848,1.80396050228213,57.0,0.8920208805279687,0.022445947783452148,1.0,0.08300858928942352,-1.2393752804887377,26.0,0.1506425381970015,0.5645852217933929,4.0,0.24259516110600654,-0.5421392740099409,3.0,0.05051398362939848,-1.80396050228213,57.0,0.1506425381970015,-0.5645852217933929,4.0
42,5'-Methylthioadenosine,C11H15N5O3S,+,298.0968,-7.8,4.27,0.3,8,239033,140283,516660,577958,656190,28865,20640,19829,-,-,-,0.00855555000420074,-1.6215862478962462,139.0,0.017477628826687706,3.7583565780252215,79.0,0.02046028315338886,3.0367278285832016,43.0,0.00855555000420074,1.6215862478962462,139.0,0.00014657491152934323,5.379942825921468,84890.0,0.00015772888644796496,4.658314076479448,48566.0,0.017477628826687706,-3.7583565780252215,79.0,0.00014657491152934323,-5.379942825921468,84890.0,0.034464045923090006,-0.7216287494420193,1.0,0.02046028315338886,-3.0367278285832016,43.0,0.00015772888644796496,-4.658314076479448,48566.0,0.034464045923090006,0.721628749442019,1.0
43,Saccharopine,C11H20N2O6,-,275.1249,-0.9,12.9,0.49,0,-,-,-,-,-,-,-,-,-,-,-,NA,0.0,0.0,NA,0.0,0.0,NA,0.0,0.0,NA,0.0,0.0,NA,0.0,0.0,NA,0.0,0.0,NA,0.0,0.0,NA,0.0,0.0,NA,0.0,0.0,NA,0.0,0.0,NA,0.0,0.0,NA,0.0,0.0
44,Butyrylcarnitine,C11H21NO4,+,232.1543,-4.5,5.81,0.42,8,925422,1332065,33100726,45203160,41535480,171174,137021,51479,-,-,-,0.003554344954215611,-5.145277905723535,204490.0,0.005420874979370348,5.207661245248901,3951.0,0.007828878386880126,3.2349184012511922,751.0,0.003554344954215611,5.145277905723535,204490.0,0.0003694189418954811,10.352939150972436,70763006.0,0.0003727295604983125,8.380196306974726,17907970.0,0.005420874979370348,-5.207661245248901,3951.0,0.0003694189418954811,-10.352939150972436,70763006.0,0.06606882302476867,-1.9727428439977088,4.0,0.007828878386880126,-3.2349184012511922,751.0,0.0003727295604983125,-8.380196306974726,17907970.0,0.06606882302476867,1.9727428439977088,4.0
45,Valerylcarnitine,C12H23NO4,+,246.17,-4.4,5.13,0.42,8,5886050,7312848,9872545,16140663,14433525,50484,43359,30269,-,-,-,0.06882038050377841,-1.030643194596019,298.0,0.0011406426730288775,7.957598586697676,722017.0,0.0011486245386085265,7.317593560004269,461136.0,0.06882038050377841,1.0306431945960188,298.0,0.001980376842209806,8.988241781293695,1732084.0,0.0019886379223895932,8.348236754600288,1108094.0,0.0011406426730288775,-7.957598586697676,722017.0,0.001980376842209806,-8.988241781293695,1732084.0,0.06648338415621208,-0.6400050266934068,1.0,0.0011486245386085265,-7.317593560004269,461136.0,0.0019886379223895932,-8.348236754600288,1108094.0,0.06648338415621208,0.6400050266934068,1.0
46,Adenylsuccinic acid,C14H18N5O11P,-,462.0668,-7.3,15.55,0.15,1,-,-,11555,-,-,-,-,-,-,-,-,0.4950253460597106,-0.07290612266968187,0.0,NA,0.0,0.0,NA,0.0,0.0,0.4950253460597106,0.07290612266968192,0.0,0.3739009663000584,0.07290612266968192,0.0,0.3739009663000584,0.07290612266968192,0.0,NA,0.0,0.0,0.3739009663000584,-0.07290612266968187,0.0,NA,0.0,0.0,NA,0.0,0.0,0.3739009663000584,-0.07290612266968187,0.0,NA,0.0,0.0
47,S-Adenosylhomocysteine,C14H20N6O5S,-,383.1143,-9.7,9.94,0.27,7,90251,100461,76108,66282,85712,17681,26784,-,-,-,-,0.09921427670825872,0.3266790283668968,1.0,0.00025107250558735385,2.4819451793147227,1251.0,0.0008869138839214028,2.2169024419563694,304.0,0.09921427670825872,-0.3266790283668969,1.0,0.00046300457036553897,2.155266150947826,448.0,0.0009884152296233883,1.890223413589472,181.0,0.00025107250558735385,-2.4819451793147227,1251.0,0.00046300457036553897,-2.155266150947826,448.0,0.33470290539095393,-0.26504273735835376,0.0,0.0008869138839214028,-2.2169024419563694,304.0,0.0009884152296233883,-1.890223413589472,181.0,0.33470290539095393,0.26504273735835365,0.0
48,S-Adenosylmethionine,C15H22N6O5S,+,399.1445,-5.5,12.42,0.16,8,318565,238812,397911,410028,441103,60529,47065,67066,-,-,-,0.027229497995059485,-0.5791341123822942,19.0,0.0037198001689171976,3.0663813817283883,351.0,0.0055522985566184,2.259066726704872,145.0,0.027229497995059485,0.5791341123822943,19.0,7.569340090204369e-06,3.6455154941106813,371676.0,1.4456344929657895e-05,2.8382008390871665,117380.0,0.0037198001689171976,-3.0663813817283883,351.0,7.569340090204369e-06,-3.6455154941106818,371676.0,0.013290545853389062,-0.8073146550235155,6.0,0.0055522985566184,-2.259066726704872,145.0,1.4456344929657895e-05,-2.8382008390871665,117380.0,0.013290545853389062,0.8073146550235156,6.0
49,Adenosine diphosphate ribose,C15H23N5O14P2,-,558.0644,-3.8,12.15,0.19,5,14506,-,30855,18604,20801,-,-,13064,-,-,-,0.11864413700499067,-0.9346060567958072,0.0,0.272228401224416,0.2931350190433211,0.0,0.6044655108305911,0.15283625093938613,0.0,0.11864413700499067,0.9346060567958072,0.0,0.02361697675079669,1.2277410758391278,2.0,0.03374783871384756,1.0874423077351931,1.0,0.272228401224416,-0.29313501904332107,0.0,0.02361697675079669,-1.2277410758391278,2.0,0.3739009663000585,-0.14029876810393466,0.0,0.6044655108305911,-0.15283625093938627,0.0,0.03374783871384756,-1.0874423077351931,1.0,0.3739009663000585,0.1402987681039347,0.0
50,Uridine diphosphate glucose,C15H24N2O17P2,-,565.0477,-3.1,13.61,0.08,5,6939060,3564108,4000222,1231166,2146040,-,-,-,-,-,-,0.18706592272090905,1.0945972038061205,44.0,0.0251457575505494,9.0366088286051,54943.0,0.0251457575505494,9.0366088286051,54943.0,0.18706592272090905,-1.0945972038061205,44.0,0.039676448944933,7.94201162479898,7652.0,0.039676448944933,7.94201162479898,7652.0,0.0251457575505494,-9.0366088286051,54943.0,0.039676448944933,-7.94201162479898,7652.0,NA,0.0,0.0,0.0251457575505494,-9.0366088286051,54943.0,0.039676448944933,-7.94201162479898,7652.0,NA,0.0,0.0
51,Palmitic acid,C16H32O2,-,255.233,-4.5,2.82,0.2,3,-,-,-,-,2777581,29232522,-,23738880,-,-,-,0.495025346059711,-0.02040420855979251,5.0,NA,0.0,0.0,0.22602734675641825,-2.799500264430589,327.0,0.495025346059711,0.020404208559792414,5.0,0.373900966300059,0.020404208559792414,7.0,0.12203497672263215,-2.779096055870797,598.0,NA,0.0,0.0,0.373900966300059,-0.02040420855979251,7.0,0.1213780137082842,-2.799500264430589,608.0,0.22602734675641825,2.799500264430589,327.0,0.12203497672263215,2.7790960558707964,598.0,0.1213780137082842,2.799500264430589,608.0
52,Uridine diphosphate-N-acetylglucosamine,C17H27N3O17P2,+,608.0888,-3.7,12.35,0.09,5,1511720,802344,508597,267278,419151,-,-,-,-,-,-,0.07293163554043472,1.5383492592472927,31.0,0.022743981849383213,6.492404328307786,2316.0,0.022743981849383213,6.492404328307786,2316.0,0.07293163554043472,-1.5383492592472927,31.0,0.0054236740535821785,4.954055069060493,1175.0,0.0054236740535821785,4.954055069060493,1175.0,0.022743981849383213,-6.492404328307786,2316.0,0.0054236740535821785,-4.954055069060493,1175.0,NA,0.0,0.0,0.022743981849383213,-6.492404328307786,2316.0,0.0054236740535821785,-4.954055069060493,1175.0,NA,0.0,0.0
53,Folic acid,C19H19N7O6,+,442.147,0.0,0.0,0.0,0,-,-,-,-,-,-,-,-,-,-,-,NA,0.0,0.0,NA,0.0,0.0,NA,0.0,0.0,NA,0.0,0.0,NA,0.0,0.0,NA,0.0,0.0,NA,0.0,0.0,NA,0.0,0.0,NA,0.0,0.0,NA,0.0,0.0,NA,0.0,0.0,NA,0.0,0.0
54,Dihydrofolic acid,C19H21N7O6,+,444.1626,9.2,8.64,0.11,0,-,-,-,-,-,-,-,-,-,-,-,NA,0.0,0.0,NA,0.0,0.0,NA,0.0,0.0,NA,0.0,0.0,NA,0.0,0.0,NA,0.0,0.0,NA,0.0,0.0,NA,0.0,0.0,NA,0.0,0.0,NA,0.0,0.0,NA,0.0,0.0,NA,0.0,0.0
55,Oxidized glutathione,C20H32N6O12S2,+,613.1592,-2.8,14.71,0.21,0,-,-,-,-,-,-,-,-,-,-,-,NA,0.0,0.0,NA,0.0,0.0,NA,0.0,0.0,NA,0.0,0.0,NA,0.0,0.0,NA,0.0,0.0,NA,0.0,0.0,NA,0.0,0.0,NA,0.0,0.0,NA,0.0,0.0,NA,0.0,0.0,NA,0.0,0.0
56,NAD,C21H27N7O14P2,+,664.1164,-8.0,11.18,0.2,9,2509012,1391418,1780712,1265590,1639051,52572,36933,58304,-,24199,-,0.4616146374535118,0.3204379359852467,5.0,0.01895622999198637,6.534994787505159,4822.0,0.01973580117310185,5.306789660210233,2005.0,0.4616146374535118,-0.3204379359852467,5.0,0.0005559869282044683,6.214556851519912,105707.0,0.0005991216103880451,4.986351724224987,42619.0,0.01895622999198637,-6.534994787505159,4822.0,0.0005559869282044683,-6.214556851519912,105707.0,0.012729339281842124,-1.2282051272949257,6.0,0.01973580117310185,-5.306789660210233,2005.0,0.0005991216103880451,-4.986351724224987,42619.0,0.012729339281842124,1.2282051272949257,6.0
57,NADP,C21H28N7O17P3,+,744.0827,-4.1,13.88,0.42,0,-,-,-,-,-,-,-,-,-,-,-,NA,0.0,0.0,NA,0.0,0.0,NA,0.0,0.0,NA,0.0,0.0,NA,0.0,0.0,NA,0.0,0.0,NA,0.0,0.0,NA,0.0,0.0,NA,0.0,0.0,NA,0.0,0.0,NA,0.0,0.0,NA,0.0,0.0
58,NADH,C21H29N7O14P2,-,664.1175,7.5,10.93,0.0,1,-,-,-,-,-,-,12597,-,-,-,-,NA,0.0,0.0,NA,0.0,0.0,0.4950253460597114,-0.11977669427875785,0.0,NA,0.0,0.0,NA,0.0,0.0,0.3739009663000593,-0.11977669427875785,0.0,NA,0.0,0.0,NA,0.0,0.0,0.3739009663000593,-0.11977669427875785,0.0,0.4950253460597114,0.11977669427875788,0.0,0.3739009663000593,0.11977669427875788,0.0,0.3739009663000593,0.11977669427875788,0.0
59,NADPH,C21H30N7O17P3,-,744.0838,-5.5,14.26,0.0,0,-,-,-,-,-,-,-,-,-,-,-,NA,0.0,0.0,NA,0.0,0.0,NA,0.0,0.0,NA,0.0,0.0,NA,0.0,0.0,NA,0.0,0.0,NA,0.0,0.0,NA,0.0,0.0,NA,0.0,0.0,NA,0.0,0.0,NA,0.0,0.0,NA,0.0,0.0
60,Acetyl-CoA,C23H38N7O17P3S,+,810.1331,-2.2,8.97,0.0,0,-,-,-,-,-,-,-,-,-,-,-,NA,0.0,0.0,NA,0.0,0.0,NA,0.0,0.0,NA,0.0,0.0,NA,0.0,0.0,NA,0.0,0.0,NA,0.0,0.0,NA,0.0,0.0,NA,0.0,0.0,NA,0.0,0.0,NA,0.0,0.0,NA,0.0,0.0
61,FAD,C27H33N9O15P2,+,786.1644,-4.5,8.82,0.18,8,65826,31729,28113,31391,43939,11942,13267,22089,-,-,-,0.38675903529107536,0.5004142020553173,0.0,0.05535742965850979,2.2862158173790954,3.0,0.08992776757011653,1.6293991377297758,1.0,0.38675903529107536,-0.5004142020553171,0.0,0.007099791313838279,1.7858016153237786,11.0,0.03172548757128665,1.1289849356744588,2.0,0.05535742965850979,-2.2862158173790954,3.0,0.007099791313838279,-1.7858016153237786,11.0,0.14444403744108364,-0.6568166796493198,0.0,0.08992776757011653,-1.6293991377297758,1.0,0.03172548757128665,-1.1289849356744588,2.0,0.14444403744108364,0.6568166796493198,0.0
62,Glycine,C2H5NO2,+,76.0393,5.2,12.04,0.11,11,19583386,20644350,16335498,15634202,15157622,5941982,4360148,5262631,1185238,1130371,1432118,0.005043573181857853,0.3565893438564318,4547.0,2.3125875515931824e-05,4.009065276662996,7436785.0,0.00023690838134632748,1.9548696225935749,207024.0,0.005043573181857853,-0.35658934385643176,4547.0,2.1574780253030984e-06,3.6524759328065652,49421056.0,5.132423078260511e-05,1.5982802787371435,616409.0,2.3125875515931824e-05,-4.009065276662996,7436785.0,2.1574780253030984e-06,-3.652475932806565,49421056.0,0.0010860179058820414,-2.0541956540694213,12309.0,0.00023690838134632748,-1.9548696225935756,207024.0,5.132423078260511e-05,-1.5982802787371433,616409.0,0.0010860179058820414,2.0541956540694213,12309.0
63,Hypotaurine,C2H7NO2S,-,108.0125,0.0,0.0,0.0,0,-,-,-,-,-,-,-,-,-,-,-,NA,0.0,0.0,NA,0.0,0.0,NA,0.0,0.0,NA,0.0,0.0,NA,0.0,0.0,NA,0.0,0.0,NA,0.0,0.0,NA,0.0,0.0,NA,0.0,0.0,NA,0.0,0.0,NA,0.0,0.0,NA,0.0,0.0
64,Taurine,C2H7NO3S,-,124.0074,-10.4,11.51,0.27,10,202079,206781,550418,485834,342512,514167,970425,1021825,13450,-,13355,0.04872017366021682,-1.1687342026289702,15.0,3.7002615036923653e-06,4.0585957508790065,487924.0,0.05632852004987302,-2.030985127645133,38.0,0.04872017366021682,1.1687342026289702,15.0,0.001891898621148673,5.227329953507977,4672.0,0.09503057722775317,-0.8622509250161627,12.0,3.7002615036923653e-06,-4.0585957508790065,487924.0,0.001891898621148673,-5.227329953507977,4672.0,0.006971521762344189,-6.0895808785241385,4140.0,0.05632852004987302,2.030985127645133,38.0,0.09503057722775317,0.8622509250161625,12.0,0.006971521762344189,6.0895808785241385,4140.0
65,O-Phosphoethanolamine,C2H8NO4P,+,142.0264,-1.9,12.93,0.26,4,-,-,367748,456137,457083,-,-,170040,-,-,-,0.003121631962055532,-2.2211664520274703,387.0,NA,0.0,0.0,0.4950253460597112,-0.3624525018841625,0.0,0.003121631962055532,2.2211664520274703,387.0,0.00034676048163082273,2.2211664520274703,3486.0,0.0014391699938710847,1.858713950143308,686.0,NA,0.0,0.0,0.00034676048163082273,-2.2211664520274703,3486.0,0.373900966300059,-0.3624525018841625,0.0,0.4950253460597112,0.3624525018841625,0.0,0.0014391699938710847,-1.8587139501433076,686.0,0.373900966300059,0.3624525018841625,0.0
66,Pyruvic acid,C3H4O3,-,87.0088,-18.0,6.03,0.38,5,2769244,2670084,14428384,19704808,17157536,-,-,-,-,-,-,0.005289697020477349,-2.65223521746339,11775.0,9.218974354533199e-06,2.673333490770585,1088431.0,9.218974354533199e-06,2.673333490770585,1088431.0,0.005289697020477349,2.65223521746339,11775.0,0.00039617654489245064,5.325568708233974,886854.0,0.00039617654489245064,5.325568708233974,886854.0,9.218974354533199e-06,-2.673333490770585,1088431.0,0.00039617654489245064,-5.325568708233974,886854.0,NA,0.0,0.0,9.218974354533199e-06,-2.673333490770585,1088431.0,0.00039617654489245064,-5.325568708233974,886854.0,NA,0.0,0.0
67,Phosphoenolpyruvic acid,C3H5O6P,-,166.9751,-7.2,14.79,0.34,6,93476,173521,183929,301868,573997,-,-,72993,-,-,-,0.24414785204625825,-1.4039259271324227,3.0,0.07992715741985924,1.2599221572994421,3.0,0.10100770676425216,1.118305973802639,2.0,0.24414785204625825,1.403925927132423,3.0,0.06158876597321535,2.6638480844318653,21.0,0.06514346428039129,2.5222319009350618,18.0,0.07992715741985924,-1.259922157299442,3.0,0.06158876597321535,-2.6638480844318653,21.0,0.373900966300059,-0.14161618349680294,0.0,0.10100770676425216,-1.118305973802639,2.0,0.06514346428039129,-2.5222319009350618,18.0,0.373900966300059,0.14161618349680288,0.0
68,L-Lactic acid,C3H6O3,-,89.0244,-17.0,7.38,0.29,11,1007200064,1055312576,1137248384,1107152000,1092793728,18132220,15160424,12365380,1523368,1644505,2168690,0.04600059638978275,-0.1092701435051034,25134.0,1.1642702777237371e-05,9.179238869370439,25719204996.0,1.2368564201736662e-05,6.0823532277846075,2866491211.0,0.04600059638978275,0.10927014350510328,25134.0,1.1602282288874123e-07,9.288509012875542,3002621231688.0,1.2571947937309383e-07,6.1916233712897135,327788375263.0,1.1642702777237371e-05,-9.179238869370444,25719204996.0,1.1602282288874123e-07,-9.288509012875542,3002621231688.0,0.001313967682533802,-3.096885641585833,55341.0,1.2368564201736662e-05,-6.0823532277846075,2866491211.0,1.2571947937309383e-07,-6.1916233712897135,327788375263.0,0.001313967682533802,3.096885641585833,55341.0
69,Guanidoacetic acid,C3H7N3O2,+,118.0611,-0.9,12.07,0.45,6,46473,-,120835,112352,45867,263084,225440,-,-,-,-,0.1817231340453776,-1.2467390762871848,1.0,0.272228401224416,0.2961972040445348,0.0,0.2429186222489708,-2.145944617317311,2.0,0.1817231340453776,1.246739076287185,1.0,0.061482089386652165,1.5429362803317197,3.0,0.34619468439494616,-0.8992055410301258,1.0,0.272228401224416,-0.2961972040445349,0.0,0.061482089386652165,-1.5429362803317197,3.0,0.11923242517281166,-2.442141821361845,5.0,0.2429186222489708,2.145944617317311,2.0,0.34619468439494616,0.8992055410301261,1.0,0.11923242517281166,2.4421418213618455,5.0
70,L-Cysteine,C3H7NO2S,+,122.027,-0.2,13.07,0.2,4,21327,22372,14999,-,16985,-,-,-,-,-,-,0.06262338294161877,0.6427231413841633,0.0,7.798921300673791e-05,1.1276002657316415,446.0,7.798921300673791e-05,1.1276002657316415,446.0,0.06262338294161877,-0.6427231413841634,0.0,0.12692407083122836,0.4848771243474781,0.0,0.12692407083122836,0.4848771243474781,0.0,7.798921300673791e-05,-1.1276002657316415,446.0,0.12692407083122836,-0.4848771243474781,0.0,NA,0.0,0.0,7.798921300673791e-05,-1.1276002657316415,446.0,0.12692407083122836,-0.4848771243474781,0.0,NA,0.0,0.0
71,L-Serine,C3H7NO3,+,106.0499,0.3,12.14,0.09,11,38226716,41376320,29810008,31498196,34206660,17338918,10787217,13586386,1051243,3280598,1257400,0.02937669247609233,0.3220606933723225,1524.0,0.00013292987321327242,4.417061667463416,3347979.0,0.002448995937708343,1.5173054481178132,31387.0,0.02937669247609233,-0.32206069337232257,1524.0,3.367812754306387e-05,4.095000974091094,8550425.0,0.0014343947276545751,1.1952447547454903,36511.0,0.00013292987321327242,-4.417061667463416,3347979.0,3.367812754306387e-05,-4.095000974091094,8550425.0,0.004026265546597264,-2.899756219345603,14613.0,0.002448995937708343,-1.5173054481178132,31387.0,0.0014343947276545751,-1.1952447547454903,36511.0,0.004026265546597264,2.899756219345603,14613.0
72,3-Phosphoglyceric acid,C3H7O7P,-,184.9857,-7.9,14.19,0.38,5,85485,136160,123884,261800,365484,-,-,-,-,-,-,0.2276709504937233,-1.1759222866080064,2.0,0.1359742628169997,0.6106863671903309,1.0,0.1359742628169997,0.6106863671903309,1.0,0.2276709504937233,1.1759222866080064,2.0,0.06391097795661005,1.7866086537983372,9.0,0.06391097795661005,1.7866086537983372,9.0,0.1359742628169997,-0.6106863671903309,1.0,0.06391097795661005,-1.7866086537983372,9.0,NA,0.0,0.0,0.1359742628169997,-0.6106863671903309,1.0,0.06391097795661005,-1.7866086537983372,9.0,NA,0.0,0.0
73,Phosphoserine,C3H8NO6P,+,186.0162,-1.6,11.79,0.11,3,-,-,-,-,-,43252,32090,58471,-,-,-,NA,0.0,0.0,NA,0.0,0.0,0.047290103334155904,-1.8386067217042956,2.0,NA,0.0,0.0,NA,0.0,0.0,0.0136638020330788,-1.8386067217042956,7.0,NA,0.0,0.0,NA,0.0,0.0,0.0136638020330788,-1.8386067217042956,7.0,0.047290103334155904,1.8386067217042956,2.0,0.0136638020330788,1.8386067217042956,7.0,0.0136638020330788,1.8386067217042956,7.0
74,"2,3-Diphosphoglyceric acid",C3H8O10P2,-,264.952,0.0,0.0,0.0,0,-,-,-,-,-,-,-,-,-,-,-,NA,0.0,0.0,NA,0.0,0.0,NA,0.0,0.0,NA,0.0,0.0,NA,0.0,0.0,NA,0.0,0.0,NA,0.0,0.0,NA,0.0,0.0,NA,0.0,0.0,NA,0.0,0.0,NA,0.0,0.0,NA,0.0,0.0
75,Glycerol 3-phosphate,C3H9O6P,-,171.0064,-6.4,12.16,0.17,9,411719,251196,159224,171749,147829,38046,41367,39424,-,-,33260,0.06557419046823883,1.0543572197349564,8.0,0.015281273346196028,3.395659719640717,125.0,0.0164740620462188,3.0648023079031064,94.0,0.06557419046823883,-1.0543572197349562,8.0,5.1376242867486244e-05,2.341302499905761,9425.0,6.697818664228284e-05,2.01044508816815,5992.0,0.015281273346196028,-3.395659719640718,125.0,5.1376242867486244e-05,-2.341302499905761,9425.0,0.0034157025717965715,-0.3308574117376117,13.0,0.0164740620462188,-3.0648023079031064,94.0,6.697818664228284e-05,-2.01044508816815,5992.0,0.0034157025717965715,0.3308574117376118,13.0
76,Phosphocreatine,C4H10N3O5P,-,210.0285,0.0,0.0,0.0,0,-,-,-,-,-,-,-,-,-,-,-,NA,0.0,0.0,NA,0.0,0.0,NA,0.0,0.0,NA,0.0,0.0,NA,0.0,0.0,NA,0.0,0.0,NA,0.0,0.0,NA,0.0,0.0,NA,0.0,0.0,NA,0.0,0.0,NA,0.0,0.0,NA,0.0,0.0
77,Uracil,C4H4N2O2,+,113.0346,-0.5,5.73,0.45,6,1129507,1071196,327879,414897,418082,-,43331,-,-,-,-,0.000507155313813112,1.5077354497184048,4170.0,1.8972501156937466e-05,4.769913583398339,820158.0,1.9126909089442108e-05,4.734584741261825,794553.0,0.000507155313813112,-1.507735449718405,4170.0,0.00030218398935804723,3.2621781336799343,6783.0,0.00030629588002050427,3.2268492915434206,6545.0,1.8972501156937466e-05,-4.769913583398339,820158.0,0.00030218398935804723,-3.2621781336799343,6783.0,0.3739009663000578,-0.03532884213651394,0.0,1.9126909089442108e-05,-4.734584741261825,794553.0,0.00030629588002050427,-3.2268492915434206,6545.0,0.3739009663000578,0.035328842136513806,0.0
78,Fumaric acid,C4H4O4,-,115.0037,-10.3,13.29,0.44,8,232416,243858,467909,232039,277929,198440,114080,139393,-,-,-,0.41603579105497984,-0.4528987162879238,1.0,5.7771535997900245e-05,1.330187894348481,7243.0,0.07451358237093694,0.6607092352021116,4.0,0.41603579105497984,0.4528987162879238,1.0,0.032811575662592025,1.783086610636405,22.0,0.08342827560564997,1.1136079514900352,6.0,5.7771535997900245e-05,-1.330187894348481,7243.0,0.032811575662592025,-1.783086610636405,22.0,0.08885099623329178,-0.6694786591463696,2.0,0.07451358237093694,-0.6607092352021114,4.0,0.08342827560564997,-1.1136079514900354,6.0,0.08885099623329178,0.6694786591463695,2.0
79,Cytosine,C4H5N3O,+,112.0505,-0.3,9.61,0.3,1,-,-,-,-,-,-,-,249722,-,-,-,NA,0.0,0.0,NA,0.0,0.0,0.495025346059711,-0.4008809557207138,0.0,NA,0.0,0.0,NA,0.0,0.0,0.3739009663000587,-0.4008809557207138,1.0,NA,0.0,0.0,NA,0.0,0.0,0.3739009663000587,-0.4008809557207138,1.0,0.495025346059711,0.40088095572071375,0.0,0.3739009663000587,0.40088095572071375,1.0,0.3739009663000587,0.40088095572071375,1.0
80,Allantoin,C4H6N4O3,-,157.0367,-7.7,10.29,0.19,7,21793,30325,128490,247649,377742,-,21984,19581,-,-,-,0.09395567353555068,-3.269520684113181,14.0,0.06751975777686192,0.6046671486966539,0.0,0.1739640136577161,0.41333456569469096,0.0,0.09395567353555068,3.2695206841131808,14.0,0.031279122727914166,3.874187832809835,63.0,0.032314591260299626,3.682855249807872,54.0,0.06751975777686192,-0.6046671486966539,0.0,0.031279122727914166,-3.874187832809835,63.0,0.15740486126659553,-0.19133258300196293,0.0,0.1739640136577161,-0.4133345656946909,0.0,0.032314591260299626,-3.682855249807872,54.0,0.15740486126659553,0.1913325830019629,0.0
81,Acetoacetic acid,C4H6O3,-,101.0244,-10.1,8.49,0.12,2,27175,-,-,100399,-,-,-,-,-,-,-,0.6227461590457384,-1.110456261419415,0.0,0.27222840122441616,0.8943327422776939,0.0,0.27222840122441616,0.8943327422776939,0.0,0.6227461590457384,1.110456261419415,0.0,0.373900966300059,2.004789003697109,0.0,0.373900966300059,2.004789003697109,0.0,0.27222840122441616,-0.894332742277694,0.0,0.373900966300059,-2.004789003697109,0.0,NA,0.0,0.0,0.27222840122441616,-0.894332742277694,0.0,0.373900966300059,-2.004789003697109,0.0,NA,0.0,0.0
82,Succinic acid,C4H6O4,-,117.0193,-9.7,12.6,0.41,1,504496,-,-,-,-,-,-,-,-,-,-,0.27222840122441616,0.08260498380576456,2.0,0.27222840122441616,0.08260498380576456,2.0,0.27222840122441616,0.08260498380576456,2.0,0.27222840122441616,-0.08260498380576445,2.0,NA,0.0,0.0,NA,0.0,0.0,0.27222840122441616,-0.08260498380576445,2.0,NA,0.0,0.0,NA,0.0,0.0,0.27222840122441616,-0.08260498380576445,2.0,NA,0.0,0.0,NA,0.0,0.0
83,L-Malic acid,C4H6O5,-,133.0142,-10.1,13.5,0.42,5,1251319,-,-,-,-,1378662,-,1060495,-,935309,1042906,0.2722284012244162,0.2905696317227558,4.0,0.5362630826612644,0.15903448666075656,2.0,0.8691229690573342,-0.057709089185368385,1.0,0.2722284012244162,-0.2905696317227558,4.0,0.18520714829179893,-0.1315351450619993,5.0,0.1895118230864087,-0.34827872090812423,7.0,0.5362630826612644,-0.15903448666075656,2.0,0.18520714829179893,0.13153514506199926,5.0,0.3867008379965904,-0.21674357584612491,3.0,0.8691229690573342,0.05770908918536837,1.0,0.1895118230864087,0.34827872090812423,7.0,0.3867008379965904,0.21674357584612491,3.0
84,Creatinine,C4H7N3O,+,114.0662,0.1,6.36,0.42,1,-,-,-,-,-,-,-,-,2763702,-,-,NA,0.0,0.0,0.495025346059711,-0.1716321988374265,5.0,NA,0.0,0.0,NA,0.0,0.0,0.37390096630005903,-0.1716321988374265,6.0,NA,0.0,0.0,0.495025346059711,0.1716321988374266,5.0,0.37390096630005903,0.1716321988374266,6.0,0.37390096630005903,0.1716321988374266,6.0,NA,0.0,0.0,NA,0.0,0.0,0.37390096630005903,-0.1716321988374265,6.0
85,L-Aspartic acid,C4H7NO4,-,132.0302,-10.1,11.95,0.42,9,702832,2097602,2089175,1020038,2034480,2830154,1234584,1061960,-,559681,-,0.6782521093739952,-0.2921916100570315,3.0,0.16436459285249333,1.6798308000698676,18.0,0.7525171373306544,-0.2874169866568015,3.0,0.6782521093739952,0.29219161005703154,3.0,0.022373616883793104,1.9720224101268995,189.0,0.9935775259524022,0.004774623400230156,2.0,0.16436459285249333,-1.6798308000698678,18.0,0.022373616883793104,-1.9720224101268995,189.0,0.0879913328720465,-1.9672477867266691,48.0,0.7525171373306544,0.28741698665680143,3.0,0.9935775259524022,-0.004774623400230098,2.0,0.0879913328720465,1.967247786726669,48.0
86,L-Asparagine,C4H8N2O3,+,133.0608,-3.5,11.72,0.16,9,60744416,68403136,76117312,70936392,74254992,16832550,10637577,13959077,-,6509558,-,0.07649535112385035,-0.1920773427736385,1033.0,0.0005050294654900152,4.632620258134778,1649799.0,0.0008194342615716048,2.225262791585416,223641.0,0.07649535112385035,0.19207734277363844,1033.0,8.664723744765782e-06,4.824697600908417,124891301.0,1.3897378806726334e-05,2.4173401343590544,16831796.0,0.0005050294654900152,-4.632620258134778,1649799.0,8.664723744765782e-06,-4.824697600908417,124891301.0,0.013369659753169066,-2.407357466549362,3256.0,0.0008194342615716048,-2.2252627915854157,223641.0,1.3897378806726334e-05,-2.4173401343590544,16831796.0,0.013369659753169066,2.407357466549362,3256.0
87,Ureidopropionic acid,C4H8N2O3,-,131.0462,-10.0,11.66,0.4,10,1060064,763144,1360670,133283,269343,1376336,768984,1153368,-,393405,60588,0.5730666952870356,0.6331669842867682,2.0,0.02693896612751761,2.4493483869593686,109.0,0.5134571560837732,-0.27045066903673404,2.0,0.5730666952870356,-0.6331669842867682,2.0,0.3570322520182875,1.8161814026726009,4.0,0.2968683478297097,-0.9036176533235022,5.0,0.02693896612751761,-2.449348386959369,109.0,0.3570322520182875,-1.8161814026726004,4.0,0.011413673017912924,-2.7197990559961034,365.0,0.5134571560837732,0.27045066903673404,2.0,0.2968683478297097,0.9036176533235024,5.0,0.011413673017912924,2.7197990559961034,365.0
88,3-Hydroxybutyric acid,C4H8O3,-,103.0401,-9.4,6.94,0.0,1,-,-,26320,-,-,-,-,-,-,-,-,0.495025346059711,-0.6266727526059934,0.0,NA,0.0,0.0,NA,0.0,0.0,0.495025346059711,0.6266727526059934,0.0,0.373900966300059,0.6266727526059934,0.0,0.373900966300059,0.6266727526059934,0.0,NA,0.0,0.0,0.373900966300059,-0.6266727526059934,0.0,NA,0.0,0.0,NA,0.0,0.0,0.373900966300059,-0.6266727526059934,0.0,NA,0.0,0.0
89,Homocysteine,C4H9NO2S,-,134.0281,0.0,0.0,0.0,0,-,-,-,-,-,-,-,-,-,-,-,NA,0.0,0.0,NA,0.0,0.0,NA,0.0,0.0,NA,0.0,0.0,NA,0.0,0.0,NA,0.0,0.0,NA,0.0,0.0,NA,0.0,0.0,NA,0.0,0.0,NA,0.0,0.0,NA,0.0,0.0,NA,0.0,0.0
90,L-Threonine,C4H9NO3,-,118.051,-9.0,10.82,0.36,10,227728,140213,378634,29490,115011,416101,267987,240771,26673,104680,-,0.9495100319139208,0.07725365100982291,0.0,0.06804936556373356,1.836956174918948,6.0,0.20713968052720905,-0.7447964885428886,2.0,0.9495100319139208,-0.07725365100982284,0.0,0.32024532298047803,1.7597025239091246,1.0,0.3211081524181889,-0.8220501395527116,1.0,0.06804936556373356,-1.836956174918948,6.0,0.32024532298047803,-1.7597025239091246,1.0,0.013312191041789415,-2.581752663461836,81.0,0.20713968052720905,0.7447964885428886,2.0,0.3211081524181889,0.8220501395527114,1.0,0.013312191041789415,2.581752663461836,81.0
91,L-Glutamine,C5H10N2O3,+,147.0764,-4.2,11.48,0.2,9,901045312,952788608,947214208,987196032,1009144000,87331064,73883216,65804432,-,94757432,-,0.17146605173726456,-0.08208470870751962,5890.0,0.00024725316418672375,4.72728442626564,51524901.0,3.265198005761905e-05,3.614591381742828,188054712.0,0.17146605173726456,0.08208470870751962,5890.0,1.1069714136067937e-05,4.809369134973159,1286968238.0,1.2053456107431943e-06,3.6966760904503473,5684408716.0,0.00024725316418672375,-4.72728442626564,51524901.0,1.1069714136067937e-05,-4.809369134973159,1286968238.0,0.25361251565658666,-1.1126930445228116,472.0,3.265198005761905e-05,-3.614591381742828,188054712.0,1.2053456107431943e-06,-3.6966760904503464,5684408716.0,0.25361251565658666,1.1126930445228118,472.0
92,L-Methionine,C5H11NO2S,+,150.0583,-4.2,8.3,0.24,11,56541512,54989876,40377472,47056964,58278028,42330972,18187212,19993460,187884,2606282,218526,0.3656797634016072,0.1992879936748091,164.0,2.2301154455464134e-05,5.795215284073657,70679686.0,0.0634674779072521,1.0551429288096603,1352.0,0.3656797634016072,-0.19928799367480912,164.0,0.0008429075453192267,5.595927290398847,1422313.0,0.08090519604400233,0.8558549351348512,843.0,2.2301154455464134e-05,-5.795215284073657,70679686.0,0.0008429075453192267,-5.595927290398847,1422313.0,0.02966732234777648,-4.7400723552639965,12540.0,0.0634674779072521,-1.0551429288096603,1352.0,0.08090519604400233,-0.8558549351348512,843.0,0.02966732234777648,4.7400723552639965,12540.0
93,Ornithine,C5H12N2O2,+,133.0972,-2.7,17.34,0.15,8,-,34290,452253,685936,736456,115250,122345,197807,-,-,35857,0.01357332120738888,-4.226073411600921,454.0,0.8979667035414858,-0.009581613692244698,0.0,0.04656520565886549,-2.11987593172537,8.0,0.01357332120738888,4.226073411600921,454.0,0.0025060307756703173,4.2164917979086765,2442.0,0.006311040489219525,2.1061974798755507,263.0,0.8979667035414858,0.009581613692244684,0.0,0.0025060307756703173,-4.2164917979086765,2442.0,0.01350013851235592,-2.1102943180331253,29.0,0.04656520565886549,2.11987593172537,8.0,0.006311040489219525,-2.1061974798755507,263.0,0.01350013851235592,2.1102943180331253,29.0
94,5-Phosphoribosylamine,C5H12NO7P,-,228.0279,-9.0,12.62,0.16,1,-,-,-,-,24175,-,-,-,-,-,-,0.4950253460597112,-0.558267634055736,0.0,NA,0.0,0.0,NA,0.0,0.0,0.4950253460597112,0.558267634055736,0.0,0.373900966300059,0.558267634055736,0.0,0.373900966300059,0.558267634055736,0.0,NA,0.0,0.0,0.373900966300059,-0.558267634055736,0.0,NA,0.0,0.0,NA,0.0,0.0,0.373900966300059,-0.558267634055736,0.0,NA,0.0,0.0
95,Phosphoribosyl pyrophosphate,C5H13O14P3,-,388.9445,-8.3,17.51,0.0,0,-,-,-,-,-,-,-,-,-,-,-,NA,0.0,0.0,NA,0.0,0.0,NA,0.0,0.0,NA,0.0,0.0,NA,0.0,0.0,NA,0.0,0.0,NA,0.0,0.0,NA,0.0,0.0,NA,0.0,0.0,NA,0.0,0.0,NA,0.0,0.0,NA,0.0,0.0
96,Choline,C5H13NO,+,104.10700000000001,0.1,13.47,0.45,5,812288,803501,512800,417287,262147,-,-,-,-,-,-,0.02242709128329526,1.0235338931915536,55.0,1.6635523947568428e-07,4.618884704854384,62092035.0,1.6635523947568428e-07,4.618884704854384,62092035.0,0.02242709128329526,-1.0235338931915534,55.0,0.007537880849010775,3.5953508116628305,345.0,0.007537880849010775,3.5953508116628305,345.0,1.6635523947568428e-07,-4.618884704854384,62092035.0,0.007537880849010775,-3.5953508116628305,345.0,NA,0.0,0.0,1.6635523947568428e-07,-4.618884704854384,62092035.0,0.007537880849010775,-3.5953508116628305,345.0,NA,0.0,0.0
97,Phosphorylcholine,C5H15NO4P,+,185.0811,-5.1,11.57,0.34,0,-,-,-,-,-,-,-,-,-,-,-,NA,0.0,0.0,NA,0.0,0.0,NA,0.0,0.0,NA,0.0,0.0,NA,0.0,0.0,NA,0.0,0.0,NA,0.0,0.0,NA,0.0,0.0,NA,0.0,0.0,NA,0.0,0.0,NA,0.0,0.0,NA,0.0,0.0
98,Orotic acid,C5H4N2O4,-,155.0098,-6.0,7.74,0.39,5,271375,313259,117545,140848,149350,-,-,-,-,-,-,0.00426392928188271,1.1048361243119078,108.0,0.0007698533252759932,2.0223969629022855,961.0,0.0007698533252759932,2.0223969629022855,961.0,0.00426392928188271,-1.1048361243119078,108.0,0.0025424511378524853,0.9175608385903778,77.0,0.0025424511378524853,0.9175608385903778,77.0,0.0007698533252759932,-2.0223969629022855,961.0,0.0025424511378524853,-0.9175608385903778,77.0,NA,0.0,0.0,0.0007698533252759932,-2.0223969629022855,961.0,0.0025424511378524853,-0.9175608385903778,77.0,NA,0.0,0.0
99,Hypoxanthine,C5H4N4O,+,137.0458,-3.6,7.1,0.19,11,476246944,462997472,462192384,420833312,422043200,83618280,62190764,103161408,5432428,4241000,4756650,0.15387012683191473,0.11040906937073733,3173.0,2.675070663691793e-06,6.609312131224603,8657851573.0,0.00015686285911305358,2.5004886021736685,9967645.0,0.15387012683191473,-0.1104090693707374,3173.0,5.941104309046745e-06,6.4989030618538655,3347768276.0,4.0466587219298464e-05,2.390079532802932,33550563.0,2.675070663691793e-06,-6.609312131224603,8657851573.0,5.941104309046745e-06,-6.4989030618538655,3347768276.0,0.002722899459560753,-4.108823529050934,278172.0,0.00015686285911305358,-2.5004886021736685,9967645.0,4.0466587219298464e-05,-2.390079532802932,33550563.0,0.002722899459560753,4.108823529050934,278172.0
100,Xanthine,C5H4N4O2,-,151.0261,-8.9,8.53,0.46,4,-,-,-,-,193888,1247355,577446,1178100,-,-,-,0.4950253460597098,-0.03032890599098088,0.0,NA,0.0,0.0,0.05852945776839045,-2.457237465461143,56.0,0.4950253460597098,0.030328905990980832,0.0,0.3739009663000578,0.030328905990980832,1.0,0.018615140493849342,-2.4269085594701627,171.0,NA,0.0,0.0,0.3739009663000578,-0.03032890599098088,1.0,0.018317816893983083,-2.457237465461143,177.0,0.05852945776839045,2.4572374654611435,56.0,0.018615140493849342,2.4269085594701627,171.0,0.018317816893983083,2.4572374654611435,177.0
101,Uric acid,C5H4N4O3,+,169.0356,-3.6,9.83,0.21,1,-,-,-,-,-,15150,-,-,-,-,-,NA,0.0,0.0,NA,0.0,0.0,0.495025346059711,-0.2285621885766544,0.0,NA,0.0,0.0,NA,0.0,0.0,0.373900966300059,-0.2285621885766544,0.0,NA,0.0,0.0,NA,0.0,0.0,0.373900966300059,-0.2285621885766544,0.0,0.495025346059711,0.2285621885766544,0.0,0.373900966300059,0.2285621885766544,0.0,0.373900966300059,0.2285621885766544,0.0
102,Adenine,C5H5N5,+,136.0618,-3.5,6.42,0.28,11,96211632,69110232,362143872,318533888,358691776,23003074,23135814,15132351,1392954,903196,744686,0.001042548225068265,-2.0673967381348497,862578.0,0.003959040598671686,6.349628215501012,861791.0,0.01001768888940525,2.016958105723143,20824.0,0.001042548225068265,2.0673967381348497,862578.0,1.600274875306218e-05,8.417024953635861,3710819859.0,2.158823325649284e-05,4.084354843857993,144142008.0,0.003959040598671686,-6.349628215501009,861791.0,1.600274875306218e-05,-8.417024953635861,3710819859.0,0.0018571290148423356,-4.332670109777867,116295.0,0.01001768888940525,-2.016958105723143,20824.0,2.158823325649284e-05,-4.084354843857993,144142008.0,0.0018571290148423356,4.332670109777867,116295.0
103,Guanine,C5H5N5O,+,152.0567,-3.2,8.79,0.21,11,6216151,4511332,7580861,8909433,11461825,20002866,13689562,23076612,201389,243761,206080,0.09017303228936707,-0.7966835397880457,141.0,0.003936118310159697,4.626963144027059,17517.0,0.03329207310501127,-1.8188302293936716,1287.0,0.09017303228936707,0.7966835397880456,141.0,0.0013296419719376472,5.423646683815104,153890.0,0.032460085057284836,-1.0221466896056255,883.0,0.003936118310159697,-4.626963144027059,17517.0,0.0013296419719376472,-5.423646683815104,153890.0,0.002484000014186432,-6.445793373420728,335846.0,0.03329207310501127,1.8188302293936716,1287.0,0.032460085057284836,1.0221466896056255,883.0,0.002484000014186432,6.445793373420728,335846.0
104,"4,5-Dihydroorotic acid",C5H6N2O4,-,157.0255,-7.5,8.47,0.34,5,749833,891787,235867,294205,327976,-,-,-,-,-,-,0.003478144241206109,1.5209524525736668,457.0,0.0008726343280417992,2.9683018390391847,4151.0,0.0008726343280417992,2.9683018390391847,4151.0,0.003478144241206109,-1.5209524525736668,457.0,0.0025352708932006845,1.4473493864655176,210.0,0.0025352708932006845,1.4473493864655176,210.0,0.0008726343280417992,-2.9683018390391847,4151.0,0.0025352708932006845,-1.4473493864655176,210.0,NA,0.0,0.0,0.0008726343280417992,-2.9683018390391847,4151.0,0.0025352708932006845,-1.4473493864655176,210.0,NA,0.0,0.0
105,Oxoglutaric acid,C5H6O5,-,145.0142,-10.0,12.74,0.38,6,4850060,4723452,188225,92604,190686,-,-,114353,-,-,-,5.5436657404850125e-06,4.928635196484325,13580386.0,2.215533672877377e-06,5.973369078303407,68953141.0,2.651471011633676e-06,5.7505804004141465,49501019.0,5.5436657404850125e-06,-4.928635196484325,13580386.0,0.0662035193308378,1.0447338818190843,4.0,0.120608998014561,0.8219452039298228,2.0,2.215533672877377e-06,-5.973369078303407,68953141.0,0.0662035193308378,-1.0447338818190843,4.0,0.3739009663000587,-0.2227886778892615,0.0,2.651471011633676e-06,-5.7505804004141465,49501019.0,0.120608998014561,-0.8219452039298228,2.0,0.3739009663000587,0.2227886778892616,0.0
106,Ureidosuccinic acid,C5H8N2O5,-,175.03599999999997,-8.3,13.94,0.4,6,2140116,2905578,839691,429794,354484,-,-,34640,-,-,-,0.010511279106287295,2.2204911232052904,679.0,0.003108764121811007,7.195200822823646,59868.0,0.003132974286522037,6.775791295178804,44521.0,0.010511279106287295,-2.2204911232052904,679.0,0.02543411331665272,4.974709699618356,345.0,0.02640547326426672,4.555300171973514,251.0,0.003108764121811007,-7.195200822823646,59868.0,0.02543411331665272,-4.974709699618356,345.0,0.3739009663000589,-0.41940952764484174,0.0,0.003132974286522037,-6.775791295178804,44521.0,0.02640547326426672,-4.555300171973514,251.0,0.3739009663000589,0.4194095276448416,0.0
107,D-2-Hydroxyglutaric acid,C5H8O5,-,147.0299,-10.2,12.52,0.45,8,3470261,4544516,2953584,1691889,4461023,12430985,3974538,14872874,-,-,-,0.4450458145057759,0.4007288404698836,10.0,0.0028510173281436754,3.3800955590415787,8020.0,0.23078203834432415,-1.3794697914489424,81.0,0.4450458145057759,-0.4007288404698836,10.0,0.02961368891653624,2.979366718571695,455.0,0.09524556727829456,-1.7801986319188259,243.0,0.0028510173281436754,-3.3800955590415787,8020.0,0.02961368891653624,-2.979366718571695,455.0,0.03836357384952457,-4.759565350490521,3817.0,0.23078203834432415,1.3794697914489424,81.0,0.09524556727829456,1.780198631918826,243.0,0.03836357384952457,4.759565350490521,3817.0
108,L-Proline,C5H9NO2,+,116.0706,-0.9,9.37,0.14,11,1056267264,1118616576,555250176,681355072,688733888,79482864,48546464,64871936,22598048,50961616,22546076,0.005185832351657959,0.7607882601957234,282502.0,3.3864077903136104e-05,5.085134439730095,561078966.0,3.586456387439516e-05,4.079966347862063,271551393.0,0.005185832351657959,-0.7607882601957233,282502.0,0.00016200896694009375,4.3243461795343725,41660983.0,0.0001986289635833644,3.31917808766634,17739999.0,3.3864077903136104e-05,-5.085134439730095,561078966.0,0.00016200896694009375,-4.3243461795343725,41660983.0,0.06827796386953874,-1.0051680918680317,1416.0,3.586456387439516e-05,-4.079966347862063,271551393.0,0.0001986289635833644,-3.31917808766634,17739999.0,0.06827796386953874,1.005168091868032,1416.0
109,Acetylcysteine,C5H9NO3S,+,164.0376,-4.8,7.24,0.18,4,81327,103232,-,66580,93434,-,-,-,-,-,-,0.35681586931157,0.7033910412393913,0.0,0.0020799190448656454,3.206010187056497,227.0,0.0020799190448656454,3.206010187056497,227.0,0.35681586931157,-0.7033910412393912,0.0,0.13053794028834134,2.5026191458171057,1.0,0.13053794028834134,2.5026191458171057,1.0,0.0020799190448656454,-3.206010187056497,227.0,0.13053794028834134,-2.502619145817106,1.0,NA,0.0,0.0,0.0020799190448656454,-3.206010187056497,227.0,0.13053794028834134,-2.502619145817106,1.0,NA,0.0,0.0
110,Pipecolic acid,C6H11NO2,+,130.0863,-3.5,9.0,0.34,5,395805,363445,5090114,7060931,5633863,-,-,-,-,-,-,0.005281282946972547,-3.9649721971262673,9326.0,0.0003286194294401167,1.3118214840811475,2012.0,0.0003286194294401167,1.3118214840811475,2012.0,0.005281282946972547,3.964972197126267,9326.0,0.0006011034377296407,5.276793681207415,196103.0,0.0006011034377296407,5.276793681207415,196103.0,0.0003286194294401167,-1.3118214840811475,2012.0,0.0006011034377296407,-5.276793681207415,196103.0,NA,0.0,0.0,0.0003286194294401167,-1.3118214840811475,2012.0,0.0006011034377296407,-5.276793681207415,196103.0,NA,0.0,0.0
111,Aminoadipic acid,C6H11NO4,-,160.0615,1.1,6.17,0.42,0,-,-,-,-,-,-,-,-,-,-,-,NA,0.0,0.0,NA,0.0,0.0,NA,0.0,0.0,NA,0.0,0.0,NA,0.0,0.0,NA,0.0,0.0,NA,0.0,0.0,NA,0.0,0.0,NA,0.0,0.0,NA,0.0,0.0,NA,0.0,0.0,NA,0.0,0.0
112,L-Cystine,C6H12N2O4S2,-,239.0166,-4.9,12.93,0.29,8,3400646,2322841,2345394,329059,2270062,168377,-,154375,-,113667,-,0.2879653889973884,0.7960278527017776,14.0,0.006383377970892278,4.668846166663035,5926.0,0.006630918236999114,4.3038495007485,4478.0,0.2879653889973884,-0.7960278527017777,14.0,0.0805102434896988,3.8728183139612575,160.0,0.08504528756171917,3.5078216480467224,120.0,0.006383377970892278,-4.668846166663035,5926.0,0.0805102434896988,-3.8728183139612566,160.0,0.12918013735963732,-0.3649966659145348,1.0,0.006630918236999114,-4.3038495007485,4478.0,0.08504528756171917,-3.507821648046723,120.0,0.12918013735963732,0.3649966659145348,1.0
113,D-Glucose,C6H12O6,-,179.0561,-7.9,10.79,0.33,5,1234847,818676,15409514,6957024,8681078,-,-,-,-,-,-,0.0680033059221675,-3.3333469831439384,843.0,0.13697572135593086,0.5244304768766441,9.0,0.13697572135593086,0.5244304768766441,9.0,0.0680033059221675,3.3333469831439384,843.0,0.020180469940455883,3.8577774600205834,3974.0,0.020180469940455883,3.8577774600205834,3974.0,0.13697572135593086,-0.5244304768766441,9.0,0.020180469940455883,-3.8577774600205834,3974.0,NA,0.0,0.0,0.13697572135593086,-0.5244304768766441,9.0,0.020180469940455883,-3.8577774600205834,3974.0,NA,0.0,0.0
114,Citrulline,C6H13N3O3,+,176.10299999999998,-3.8,12.29,0.15,11,85569288,85967352,122237920,128303096,131517360,792493,897074,612506,545887,1641233,656513,0.0012987454902298392,-0.5703138215977962,121830.0,3.831246732506631e-07,6.499600175185479,10240112362.0,2.2034751881019408e-08,6.8044018747189865,219475529583.0,0.0012987454902298392,0.5703138215977961,121830.0,1.325788649740907e-06,7.069913996783276,6501009650.0,1.2785598084418562e-06,7.374715696316782,8315282866.0,3.831246732506631e-07,-6.499600175185479,10240112362.0,1.325788649740907e-06,-7.069913996783273,6501009650.0,0.6405303671174138,0.3048016995335078,2.0,2.2034751881019408e-08,-6.8044018747189865,219475529583.0,1.2785598084418562e-06,-7.374715696316782,8315282866.0,0.6405303671174138,-0.3048016995335077,2.0
115,6-Phosphogluconic acid,C6H13O10P,-,275.0174,2.3,14.98,0.19,0,-,-,-,-,-,-,-,-,-,-,-,NA,0.0,0.0,NA,0.0,0.0,NA,0.0,0.0,NA,0.0,0.0,NA,0.0,0.0,NA,0.0,0.0,NA,0.0,0.0,NA,0.0,0.0,NA,0.0,0.0,NA,0.0,0.0,NA,0.0,0.0,NA,0.0,0.0
116,"Fructose 1,6-bisphosphate",C6H14O12P2,-,338.9888,-0.8,15.51,0.24,0,-,-,-,-,-,-,-,-,-,-,-,NA,0.0,0.0,NA,0.0,0.0,NA,0.0,0.0,NA,0.0,0.0,NA,0.0,0.0,NA,0.0,0.0,NA,0.0,0.0,NA,0.0,0.0,NA,0.0,0.0,NA,0.0,0.0,NA,0.0,0.0,NA,0.0,0.0
117,Nicotinic acid,C6H5NO2,-,122.0248,-10.3,6.14,0.41,0,-,-,-,-,-,-,-,-,-,-,-,NA,0.0,0.0,NA,0.0,0.0,NA,0.0,0.0,NA,0.0,0.0,NA,0.0,0.0,NA,0.0,0.0,NA,0.0,0.0,NA,0.0,0.0,NA,0.0,0.0,NA,0.0,0.0,NA,0.0,0.0,NA,0.0,0.0
118,Niacinamide,C6H6N2O,+,123.0553,-2.4,4.64,0.16,11,80557272,72101248,68206512,119851848,138236528,67128616,45298440,40905488,2240818,2759029,3895972,0.31945926792262,-0.5109057746450959,413.0,0.00018413677084611508,4.685999365939682,5542416.0,0.10433806677295657,0.5786066768464914,912.0,0.31945926792262,0.5109057746450958,413.0,0.007252463840992126,5.196905140584778,282540.0,0.062296976925936665,1.0895124514915873,2731.0,0.00018413677084611508,-4.685999365939682,5542416.0,0.007252463840992126,-5.196905140584778,282540.0,0.004061041026346802,-4.1073926890931896,114759.0,0.10433806677295657,-0.5786066768464914,912.0,0.062296976925936665,-1.0895124514915873,2731.0,0.004061041026346802,4.1073926890931896,114759.0
119,Phenol,C6H6O,-,93.0346,5.5,2.79,0.0,1,-,49893,-,-,-,-,-,-,-,-,-,0.27222840122441616,1.582387397748349,0.0,0.27222840122441616,1.582387397748349,0.0,0.27222840122441616,1.582387397748349,0.0,0.27222840122441616,-1.582387397748349,0.0,NA,0.0,0.0,NA,0.0,0.0,0.27222840122441616,-1.582387397748349,0.0,NA,0.0,0.0,NA,0.0,0.0,0.27222840122441616,-1.582387397748349,0.0,NA,0.0,0.0,NA,0.0,0.0
120,cis-Aconitic acid,C6H6O6,-,173.0092,-8.4,15.17,0.25,7,4394282,4801174,1691339,341550,581275,469296,-,665448,-,-,-,0.006839549192323529,2.3995339682831327,2110.0,8.991855814025475e-05,4.53558656657535,618507.0,0.0003774180898074223,3.371221991700223,69118.0,0.006839549192323529,-2.3995339682831327,2110.0,0.18075641558960973,2.1360525982922165,13.0,0.3840545414171084,0.97168802341709,3.0,8.991855814025475e-05,-4.53558656657535,618507.0,0.18075641558960973,-2.1360525982922165,13.0,0.14340183077922758,-1.164364574875127,5.0,0.0003774180898074223,-3.371221991700223,69118.0,0.3840545414171084,-0.97168802341709,3.0,0.14340183077922758,1.164364574875127,5.0
121,Oxoadipic acid,C6H8O5,-,159.0299,0.0,8.86,0.48,0,-,-,-,-,-,-,-,-,-,-,-,NA,0.0,0.0,NA,0.0,0.0,NA,0.0,0.0,NA,0.0,0.0,NA,0.0,0.0,NA,0.0,0.0,NA,0.0,0.0,NA,0.0,0.0,NA,0.0,0.0,NA,0.0,0.0,NA,0.0,0.0,NA,0.0,0.0
122,Citric acid,C6H8O7,-,191.0197,-8.0,15.42,0.36,5,809909,695466,320181,662930,1060585,-,-,-,-,-,-,0.8147175271427192,0.14390480724466384,1.0,0.0009522354325774654,1.9688460555669107,1942.0,0.0009522354325774654,1.9688460555669107,1942.0,0.8147175271427192,-0.1439048072446639,1.0,0.08426921755422041,1.824941248322247,18.0,0.08426921755422041,1.824941248322247,18.0,0.0009522354325774654,-1.9688460555669107,1942.0,0.08426921755422041,-1.8249412483222471,18.0,NA,0.0,0.0,0.0009522354325774654,-1.9688460555669107,1942.0,0.08426921755422041,-1.8249412483222471,18.0,NA,0.0,0.0
123,L-Histidine,C6H9N3O2,+,156.0768,-4.2,10.81,0.24,11,39461648,37590288,36945784,34946780,34992312,21342900,14912947,20293546,4587594,12418823,5817270,0.07803389854612364,0.11280788306959698,514.0,0.0023876247829612302,2.3402618396384667,48923.0,0.005132537421602462,1.031282168502344,11424.0,0.07803389854612364,-0.11280788306959705,514.0,0.00037175673754281404,2.2274539565688705,272326.0,0.001324963178373883,0.9184742854327468,38858.0,0.0023876247829612302,-2.3402618396384667,48923.0,0.00037175673754281404,-2.2274539565688705,272326.0,0.023234926062601767,-1.308979671136123,1411.0,0.005132537421602462,-1.0312821685023437,11424.0,0.001324963178373883,-0.9184742854327468,38858.0,0.023234926062601767,1.308979671136123,1411.0
124,N-Acetylglutamic acid,C7H11NO5,+,190.071,-4.7,11.44,0.31,11,61133560,65186564,47485528,24911066,33912940,628718,668522,673189,608836,198167,440860,0.04850284058077674,0.8337760074826479,1812.0,3.1181472557594406e-05,7.246443630270527,154797374.0,3.1065442521820865e-05,6.587393416879742,98771348.0,0.04850284058077674,-0.8337760074826478,1812.0,0.005938219132759453,6.41266762278788,257181.0,0.006083411521670452,5.753617409397094,160052.0,3.1181472557594406e-05,-7.246443630270527,154797374.0,0.005938219132759453,-6.41266762278788,257181.0,0.11525133438492165,-0.6590502133907858,7.0,3.1065442521820865e-05,-6.587393416879742,98771348.0,0.006083411521670452,-5.753617409397094,160052.0,0.11525133438492165,0.6590502133907858,7.0
125,N-Acetylglutamine,C7H12N2O4,-,187.0724,-7.1,7.95,0.48,2,5273520,4883698,-,-,-,-,-,-,-,-,-,8.452425255702833e-05,2.711009635568893,226753.0,8.452425255702833e-05,2.711009635568893,226753.0,8.452425255702833e-05,2.711009635568893,226753.0,8.452425255702833e-05,-2.7110096355688924,226753.0,NA,0.0,0.0,NA,0.0,0.0,8.452425255702833e-05,-2.7110096355688924,226753.0,NA,0.0,0.0,NA,0.0,0.0,8.452425255702833e-05,-2.7110096355688924,226753.0,NA,0.0,0.0,NA,0.0,0.0
126,N-Acetyl-L-methionine,C7H13NO3S,+,192.0689,-2.0,4.01,0.25,8,160733,168954,242343,190185,157714,59767,48149,22245,-,-,-,0.3918550390800844,-0.25524708118704714,1.0,1.7059066152043177e-05,4.043025095619367,84477.0,0.0036703670775287437,1.9257622613603609,108.0,0.3918550390800844,0.25524708118704725,1.0,0.0016275870873386075,4.298272176806414,1250.0,0.004760746191475078,2.181009342547408,114.0,1.7059066152043177e-05,-4.043025095619367,84477.0,0.0016275870873386075,-4.298272176806414,1250.0,0.03953185699519548,-2.1172628342590056,3.0,0.0036703670775287437,-1.9257622613603609,108.0,0.004760746191475078,-2.181009342547408,114.0,0.03953185699519548,2.1172628342590056,3.0
127,N-Acetylornithine,C7H14N2O3,+,175.1077,-4.1,10.01,0.35,8,9885617,10625686,21177692,27404584,26720978,25557,32010,36497,-,-,-,0.010206428430924994,-1.2913305638791202,4239.0,4.3054194731473844e-05,8.88906971793266,56586062.0,4.3191209752109636e-05,8.353523245675763,38951546.0,0.010206428430924994,1.2913305638791202,4239.0,0.00022002243014126947,10.180400281811783,66248415.0,0.00022035820605301323,9.644853809554887,45652621.0,4.3054194731473844e-05,-8.88906971793266,56586062.0,0.00022002243014126947,-10.180400281811783,66248415.0,0.03757193072434571,-0.5355464722568951,1.0,4.3191209752109636e-05,-8.353523245675763,38951546.0,0.00022035820605301323,-9.644853809554887,45652621.0,0.03757193072434571,0.5355464722568951,1.0
128,L-Cystathionine,C7H14N2O4S,+,223.0747,-9.9,13.51,0.38,4,21682,20739,19568,-,17856,-,-,-,-,-,-,0.08115626936596572,0.2450877260743954,0.0,0.0007776739137607577,0.3829191112422711,31.0,0.0007776739137607577,0.3829191112422711,31.0,0.08115626936596572,-0.24508772607439525,0.0,0.16237794414807305,0.13783138516787602,0.0,0.16237794414807305,0.13783138516787602,0.0,0.0007776739137607577,-0.3829191112422711,31.0,0.16237794414807305,-0.13783138516787585,0.0,NA,0.0,0.0,0.0007776739137607577,-0.3829191112422711,31.0,0.16237794414807305,-0.13783138516787585,0.0,NA,0.0,0.0
129,L-Carnitine,C7H15NO3,+,162.1125,-4.1,9.88,0.29,11,655710656,665838912,789374400,956261696,1065051904,26619174,18064474,18814020,5709980,4615216,6718686,0.07593903058608946,-0.5037302778819879,14915.0,4.4940321838429653e-07,6.8617952599071375,86240557716.0,1.1635710859126888e-06,4.9643456195636215,9148304635.0,0.07593903058608946,0.5037302778819879,14915.0,0.00031394139771991314,7.365525537789128,247561161.0,0.0003358948676398859,5.468075897445608,63126988.0,4.4940321838429653e-07,-6.8617952599071375,86240557716.0,0.00031394139771991314,-7.365525537789128,247561161.0,0.0052362002656707865,-1.8974496403435168,9551.0,1.1635710859126888e-06,-4.9643456195636215,9148304635.0,0.0003358948676398859,-5.468075897445608,63126988.0,0.0052362002656707865,1.8974496403435168,9551.0
130,D-Sedoheptulose 7-phosphate,C7H15O10P,-,289.033,-5.9,13.41,0.21,6,1148262,694545,313182,202697,207490,-,-,78814,-,-,-,0.030346065380400963,1.934063806247643,73.0,0.015243943876104366,3.658704878789519,412.0,0.01534521567649613,3.620609270702004,399.0,0.030346065380400963,-1.934063806247643,73.0,0.00956097682431815,1.7246410725418757,54.0,0.010007367576793071,1.6865454644543607,51.0,0.015243943876104366,-3.658704878789519,412.0,0.00956097682431815,-1.7246410725418757,54.0,0.3739009663000578,-0.03809560808751484,0.0,0.01534521567649613,-3.620609270702004,399.0,0.010007367576793071,-1.686545464454361,51.0,0.3739009663000578,0.03809560808751478,0.0
131,1-Methylnicotinamide,C7H8N2O,+,137.0709,-3.9,15.37,0.25,0,-,-,-,-,-,-,-,-,-,-,-,NA,0.0,0.0,NA,0.0,0.0,NA,0.0,0.0,NA,0.0,0.0,NA,0.0,0.0,NA,0.0,0.0,NA,0.0,0.0,NA,0.0,0.0,NA,0.0,0.0,NA,0.0,0.0,NA,0.0,0.0,NA,0.0,0.0
132,N6-Acetyl-L-lysine,C8H16N2O3,+,189.1234,-9.9,3.25,0.44,9,1339338,1838680,5746903,1077011,6709667,2639125,-,3423186,-,3107882,2629862,0.28541809587834005,-1.5053819266430133,30.0,0.5405001272476211,-0.4727713067641954,5.0,0.5170615513719892,-0.541870187968708,5.0,0.28541809587834005,1.505381926643013,30.0,0.2843362875522956,1.0326106198788176,24.0,0.3107042955125517,0.9635117386743052,21.0,0.5405001272476211,0.4727713067641954,5.0,0.2843362875522956,-1.032610619878818,24.0,0.9200814859433426,-0.06909888120451264,3.0,0.5170615513719892,0.541870187968708,5.0,0.3107042955125517,-0.9635117386743052,21.0,0.9200814859433426,0.06909888120451267,3.0
133,L-Phenylalanine,C9H11NO2,+,166.0863,-4.5,6.99,0.22,11,96657400,114817832,141016112,173053312,172539168,34399216,16178082,20385044,1174649,5192112,1209354,0.034274347463199836,-0.6173105886503956,5996.0,0.0006720190092340065,5.387849165099834,3372661.0,0.003586745265217069,2.160325675966966,80630.0,0.034274347463199836,0.6173105886503956,5996.0,0.00011649246340381591,6.00515975375023,45412294.0,0.0003152520516449324,2.7776362646173616,2021356.0,0.0006720190092340065,-5.387849165099834,3372661.0,0.00011649246340381591,-6.00515975375023,45412294.0,0.0203278219713673,-3.227523489132869,6031.0,0.003586745265217069,-2.160325675966966,80630.0,0.0003152520516449324,-2.7776362646173616,2021356.0,0.0203278219713673,3.227523489132869,6031.0
134,L-Tyrosine,C9H11NO3,+,182.0812,-3.7,9.56,0.16,11,96301712,96705768,112650440,124060904,136407216,22559944,11579392,13321823,575488,4050723,634571,0.05140455478278007,-0.3660148648700515,2769.0,8.578468257651553e-06,5.78219818278715,315166701.0,0.00035414558614593197,2.608800024265856,967360.0,0.05140455478278007,0.36601486487005147,2769.0,6.080163802435603e-05,6.148213047657201,73562662.0,0.00014390267366900101,2.9748148891359065,3829453.0,8.578468257651553e-06,-5.78219818278715,315166701.0,6.080163802435603e-05,-6.148213047657201,73562662.0,0.017360242331798774,-3.1733981585212945,4566.0,0.00035414558614593197,-2.608800024265856,967360.0,0.00014390267366900101,-2.9748148891359065,3829453.0,0.017360242331798774,3.1733981585212945,4566.0
135,Uridine,C9H12N2O6,-,243.0623,-1.1,11.74,0.41,2,152065,109242,-,-,-,-,-,-,-,-,-,0.020603050095527275,1.1473624350895721,10.0,0.020603050095527275,1.1473624350895721,10.0,0.020603050095527275,1.1473624350895721,10.0,0.020603050095527275,-1.147362435089572,10.0,NA,0.0,0.0,NA,0.0,0.0,0.020603050095527275,-1.147362435089572,10.0,NA,0.0,0.0,NA,0.0,0.0,0.020603050095527275,-1.147362435089572,10.0,NA,0.0,0.0,NA,0.0,0.0
136,Uridine 5'-monophosphate,C9H13N2O9P,-,323.0286,-4.6,11.33,0.29,6,97729,-,31922,-,-,1776925,1576325,5881624,-,-,74546,0.27440732079773805,1.0326602457529883,0.0,0.5865052910564718,0.4962951856732178,0.0,0.19472107607036154,-5.5756247470094005,385.0,0.27440732079773805,-1.0326602457529879,0.0,0.3795003326362848,-0.5363650600797705,0.0,0.09561700785646916,-6.608284992762388,1587.0,0.5865052910564718,-0.4962951856732178,0.0,0.3795003326362848,0.5363650600797703,0.0,0.09671973929142087,-6.071919932682617,1086.0,0.19472107607036154,5.5756247470094005,385.0,0.09561700785646916,6.608284992762388,1587.0,0.09671973929142087,6.071919932682617,1086.0
137,Cytidine,C9H13N3O5,+,244.0928,-4.9,8.54,0.24,9,2400981,3099200,3226626,3172193,5564400,1381976,1075866,841624,-,-,51636,0.3237445770926976,-0.5360921330876497,15.0,0.0019018316330257285,5.904977340349884,44046.0,0.015308471772106475,1.322209045067456,314.0,0.3237445770926976,0.5360921330876498,15.0,0.007494574589079319,6.4410694734375324,23382.0,0.022909164437395508,1.858301178155105,403.0,0.0019018316330257285,-5.904977340349884,44046.0,0.007494574589079319,-6.4410694734375324,23382.0,0.002531545296428629,-4.5827682952824285,5423.0,0.015308471772106475,-1.3222090450674555,314.0,0.022909164437395508,-1.858301178155105,403.0,0.002531545296428629,4.5827682952824285,5423.0
138,Uridine 5'-diphosphate,C9H14N2O12P2,+,405.0095,-5.1,13.58,0.21,5,719657,326738,257644,142809,195743,-,-,-,-,-,-,0.12340051303093108,1.3965314519014211,8.0,0.03976988874456255,5.42660671999772,289.0,0.03976988874456255,5.42660671999772,289.0,0.12340051303093108,-1.3965314519014211,8.0,0.0049208960922016995,4.030075268096299,350.0,0.0049208960922016995,4.030075268096299,350.0,0.03976988874456255,-5.42660671999772,289.0,0.0049208960922016995,-4.030075268096299,350.0,NA,0.0,0.0,0.03976988874456255,-5.42660671999772,289.0,0.0049208960922016995,-4.030075268096299,350.0,NA,0.0,0.0
139,Cytidine monophosphate,C9H14N3O8P,+,324.0591,-4.1,12.42,0.26,4,-,-,-,-,-,621149,615402,1208995,-,-,29184,NA,0.0,0.0,0.4950253460597123,-0.019567146655860818,0.0,0.053445990173193736,-4.861795490829891,229.0,NA,0.0,0.0,0.3739009663000602,-0.019567146655860818,0.0,0.016164709203643386,-4.861795490829891,758.0,0.4950253460597123,0.019567146655860897,0.0,0.3739009663000602,0.019567146655860897,0.0,0.01619098751978787,-4.842228344174032,747.0,0.053445990173193736,4.861795490829893,229.0,0.016164709203643386,4.861795490829893,758.0,0.01619098751978787,4.842228344174032,747.0
140,Carnosine,C9H14N4O3,+,227.1139,-4.3,12.05,0.36,6,-,25712,-,78372,33949,2054728,1468600,991267,-,-,-,0.4371093158430261,-1.0764455509661084,0.0,0.27222840122441616,0.4828310766999264,0.0,0.03334975659032802,-6.232174400816701,1719.0,0.4371093158430261,1.0764455509661084,0.0,0.21495430853078867,1.5592766276660348,0.0,0.008989902675245472,-5.155728849850595,3067.0,0.27222840122441616,-0.4828310766999265,0.0,0.21495430853078867,-1.5592766276660346,0.0,0.008358672088816365,-6.7150054775166295,9547.0,0.03334975659032802,6.232174400816701,1719.0,0.008989902675245472,5.155728849850595,3067.0,0.008358672088816365,6.7150054775166295,9547.0
141,Uridine triphosphate,C9H15N2O15P3,-,482.9613,-0.9,15.15,0.1,2,-,-,-,14258,47495,-,-,-,-,-,-,0.43011547994893656,-1.2580766515499926,0.0,NA,0.0,0.0,NA,0.0,0.0,0.43011547994893656,1.2580766515499926,0.0,0.3054394091345005,1.2580766515499926,0.0,0.3054394091345005,1.2580766515499926,0.0,NA,0.0,0.0,0.3054394091345005,-1.2580766515499926,0.0,NA,0.0,0.0,NA,0.0,0.0,0.3054394091345005,-1.2580766515499926,0.0,NA,0.0,0.0
142,CDP,C9H15N3O11P2,+,404.0255,-3.6,14.36,0.4,4,-,-,-,-,31272,33793,27500,23889,-,-,-,0.495025346059711,-0.19180571325830015,0.0,NA,0.0,0.0,0.1815754654216316,-0.3732724896250456,0.0,0.495025346059711,0.19180571325830026,0.0,0.373900966300059,0.19180571325830026,0.0,0.47421777519148794,-0.18146677636674546,0.0,NA,0.0,0.0,0.373900966300059,-0.19180571325830015,0.0,0.0889298095706742,-0.3732724896250456,0.0,0.1815754654216316,0.37327248962504544,0.0,0.47421777519148794,0.18146677636674527,0.0,0.0889298095706742,0.37327248962504544,0.0
143,Cytidine triphosphate,C9H16N3O14P3,-,481.9772,-5.3,16.05,0.23,1,-,11915,-,-,-,-,-,-,-,-,-,0.272228401224416,0.1319186788625675,0.0,0.272228401224416,0.1319186788625675,0.0,0.272228401224416,0.1319186788625675,0.0,0.272228401224416,-0.13191867886256742,0.0,NA,0.0,0.0,NA,0.0,0.0,0.272228401224416,-0.13191867886256742,0.0,NA,0.0,0.0,NA,0.0,0.0,0.272228401224416,-0.13191867886256742,0.0,NA,0.0,0.0,NA,0.0,0.0
144,L-Acetylcarnitine,C9H17NO4,+,204.123,-4.1,7.78,0.47,11,294753440,326264960,477813504,619553408,654590656,15554200,10743996,12481779,2562604,281262,559759,0.030619821291512483,-0.9112974134618348,27471.0,0.0001211199403198573,8.09638261035493,352100619.0,0.00013962280483562582,4.586214736547285,27822107.0,0.030619821291512483,0.9112974134618348,27471.0,0.0004192546337834572,9.007680023816762,359185875.0,0.00045436139177901133,5.497512150009121,29675314.0,0.0001211199403198573,-8.09638261035493,352100619.0,0.0004192546337834572,-9.007680023816766,359185875.0,0.001719251370663823,-3.5101678738076454,46593.0,0.00013962280483562582,-4.586214736547285,27822107.0,0.00045436139177901133,-5.497512150009121,29675314.0,0.001719251370663823,3.5101678738076454,46593.0
145,Pantothenic acid,C9H17NO5,+,220.1179,-4.3,6.31,0.36,9,16880638,18642926,12236127,17131310,17065354,239177,181193,159777,-,114498,-,0.3741925309616155,0.19859483047097512,51.0,0.00011288847884268816,7.453148835977265,13864352.0,0.00011500984610210398,6.521176519340905,7169586.0,0.3741925309616155,-0.19859483047097515,51.0,0.0006890117218420303,7.25455400550629,1726315.0,0.0007054192216020622,6.3225816888699296,889008.0,0.00011288847884268816,-7.453148835977265,13864352.0,0.0006890117218420303,-7.25455400550629,1726315.0,0.020134935621275142,-0.9319723166363604,14.0,0.00011500984610210398,-6.521176519340905,7169586.0,0.0007054192216020622,-6.3225816888699296,889008.0,0.020134935621275142,0.9319723166363604,14.0
146,Carbamoyl phosphate,CH4NO5P,-,139.9754,-7.4,23.47,0.43,0,-,-,-,-,-,-,-,-,-,-,-,NA,0.0,0.0,NA,0.0,0.0,NA,0.0,0.0,NA,0.0,0.0,NA,0.0,0.0,NA,0.0,0.0,NA,0.0,0.0,NA,0.0,0.0,NA,0.0,0.0,NA,0.0,0.0,NA,0.0,0.0,NA,0.0,0.0
